slug	name	catalogue_status	death_year_before	death_year_after	result	checked_at	ndl_query_url	ndl_hit_count	web_queries	evidence_urls	note
a-bugaeva	A Bugaeva	active			death_not_established	2026-09-05	https://id.ndl.go.jp/auth/ndlna/?qw=A%20Bugaeva&g=personalNames&num=100	0	"""A Bugaeva"" (obituary OR died OR ""passed away"") | ""A Bugaeva"" obituary died"		—
a-kuroshima	A. Kuroshima	active			death_not_established	2026-09-05	https://id.ndl.go.jp/auth/ndlna/?qw=A.%20Kuroshima&g=personalNames&num=100	0	"""A. Kuroshima"" (obituary OR died OR ""passed away"") | ""A. Kuroshima"" obituary died"		—
abe-chozaburo	阿部 長三郎	active			death_not_established	2026-09-05	https://id.ndl.go.jp/auth/ndlna/?qw=%E9%98%BF%E9%83%A8%E9%95%B7%E4%B8%89%E9%83%8E&g=personalNames&num=100	1	"""阿部 長三郎"" (訃報 OR 死去 OR 逝去 OR 生没年) | ""阿部長三郎"" 訃報 死去"		—
aihara-noriaki	相原 典明	active			death_not_established	2026-09-05	https://id.ndl.go.jp/auth/ndlna/?qw=%E7%9B%B8%E5%8E%9F%E5%85%B8%E6%98%8E&g=personalNames&num=100	1	"""相原 典明"" (訃報 OR 死去 OR 逝去 OR 生没年) | ""相原典明"" 訃報 死去"		—
aizawa-akiko	Aizawa Akiko	active			death_not_established	2026-09-05	https://id.ndl.go.jp/auth/ndlna/?qw=Aizawa%20Akiko&g=personalNames&num=100	1	"""Aizawa Akiko"" (obituary OR died OR ""passed away"") | ""Aizawa Akiko"" obituary died"		—
akagi-sanpei	赤木 三兵	active			death_not_established	2026-09-05	https://id.ndl.go.jp/auth/ndlna/?qw=%E8%B5%A4%E6%9C%A8%E4%B8%89%E5%85%B5&g=personalNames&num=100	1	"""赤木 三兵"" (訃報 OR 死去 OR 逝去 OR 生没年) | ""赤木三兵"" 訃報 死去"		—
akasaka-norio	赤坂 憲雄	active			death_not_established	2026-09-05	https://id.ndl.go.jp/auth/ndlna/?qw=%E8%B5%A4%E5%9D%82%E6%86%B2%E9%9B%84&g=personalNames&num=100	1	"""赤坂 憲雄"" (訃報 OR 死去 OR 逝去 OR 生没年) | ""赤坂憲雄"" 訃報 死去"		—
akiba-minoru	秋葉 實	active	2015	2015	existing_death_matches_wikidata	2026-09-05	https://id.ndl.go.jp/auth/ndlna/?qw=%E7%A7%8B%E8%91%89%E5%AF%A6&g=personalNames&num=100	1		https://www.wikidata.org/wiki/Q20962782	—
akibe-hideo	秋辺 日出男	active			death_not_established	2026-09-05	https://id.ndl.go.jp/auth/ndlna/?qw=%E7%A7%8B%E8%BE%BA%E6%97%A5%E5%87%BA%E7%94%B7&g=personalNames&num=100	0	"""秋辺 日出男"" (訃報 OR 死去 OR 逝去 OR 生没年) | ""秋辺日出男"" 訃報 死去"		—
akibe-tokuhei	秋辺 得平	active			death_not_established	2026-09-05	https://id.ndl.go.jp/auth/ndlna/?qw=%E7%A7%8B%E8%BE%BA%E5%BE%97%E5%B9%B3&g=personalNames&num=100	1	"""秋辺 得平"" (訃報 OR 死去 OR 逝去 OR 生没年) | ""秋辺得平"" 訃報 死去"		—
akira-goto	Akira Goto	active			death_not_established	2026-09-05	https://id.ndl.go.jp/auth/ndlna/?qw=Akira%20Goto&g=personalNames&num=100	23	"""Akira Goto"" (obituary OR died OR ""passed away"") | ""Akira Goto"" obituary died"		—
akiyama-hidetoshi	秋山 秀敏	active			death_not_established	2026-09-05	https://id.ndl.go.jp/auth/ndlna/?qw=%E7%A7%8B%E5%B1%B1%E7%A7%80%E6%95%8F&g=personalNames&num=100	0	"""秋山 秀敏"" (訃報 OR 死去 OR 逝去 OR 生没年) | ""秋山秀敏"" 訃報 死去"		—
alexander-akulov	Alexander Akulov	active			death_not_established	2026-09-05	https://id.ndl.go.jp/auth/ndlna/?qw=Alexander%20Akulov&g=personalNames&num=100	0	"""Alexander Akulov"" (obituary OR died OR ""passed away"") | ""Alexander Akulov"" obituary died"		—
alexander-bukh	Alexander Bukh	active			death_not_established	2026-09-05	https://id.ndl.go.jp/auth/ndlna/?qw=Alexander%20Bukh&g=personalNames&num=100	0	"""Alexander Bukh"" (obituary OR died OR ""passed away"") | ""Alexander Bukh"" obituary died"		—
alexander-vovin	Alexander Vovin	active	2022	2022	existing_death_matches_wikidata	2026-09-05	https://id.ndl.go.jp/auth/ndlna/?qw=Alexander%20Vovin&g=personalNames&num=100	1		https://www.wikidata.org/wiki/Q848595	—
alexander-yu-akulov	Alexander Yu. Akulov	active			death_not_established	2026-09-05	https://id.ndl.go.jp/auth/ndlna/?qw=Alexander%20Yu.%20Akulov&g=personalNames&num=100	0	"""Alexander Yu. Akulov"" (obituary OR died OR ""passed away"") | ""Alexander Yu. Akulov"" obituary died"		—
alfred-f-majewicz	Alfred F. Majewicz	active			death_not_established	2026-09-05	https://id.ndl.go.jp/auth/ndlna/?qw=Alfred%20F.%20Majewicz&g=personalNames&num=100	1	"""Alfred F. Majewicz"" (obituary OR died OR ""passed away"") | ""Alfred F. Majewicz"" obituary died"		—
amanai-shigeki	天内 重樹	active			death_not_established	2026-09-05	https://id.ndl.go.jp/auth/ndlna/?qw=%E5%A4%A9%E5%86%85%E9%87%8D%E6%A8%B9&g=personalNames&num=100	0	"""天内 重樹"" (訃報 OR 死去 OR 逝去 OR 生没年) | ""天内重樹"" 訃報 死去"		—
amano-tetsuya	天野 哲也	active			death_not_established	2026-09-05	https://id.ndl.go.jp/auth/ndlna/?qw=%E5%A4%A9%E9%87%8E%E5%93%B2%E4%B9%9F&g=personalNames&num=100	2	"""天野 哲也"" (訃報 OR 死去 OR 逝去 OR 生没年) | ""天野哲也"" 訃報 死去"		—
anetai-masaki	姉帯 正樹	active			death_not_established	2026-09-05	https://id.ndl.go.jp/auth/ndlna/?qw=%E5%A7%89%E5%B8%AF%E6%AD%A3%E6%A8%B9&g=personalNames&num=100	0	"""姉帯 正樹"" (訃報 OR 死去 OR 逝去 OR 生没年) | ""姉帯正樹"" 訃報 死去"		—
ann-elise-lewallen	ann-elise lewallen	active			death_not_established	2026-09-05	https://id.ndl.go.jp/auth/ndlna/?qw=ann-elise%20lewallen&g=personalNames&num=100	0	"""ann-elise lewallen"" (obituary OR died OR ""passed away"") | ""ann-elise lewallen"" obituary died"		—
arai-kaori	新井 かおり	active			death_not_established	2026-09-05	https://id.ndl.go.jp/auth/ndlna/?qw=%E6%96%B0%E4%BA%95%E3%81%8B%E3%81%8A%E3%82%8A&g=personalNames&num=100	1	"""新井 かおり"" (訃報 OR 死去 OR 逝去 OR 生没年) | ""新井かおり"" 訃報 死去"		—
araida-seino	新井田 セイノ	active	2011	2011	existing_death_matches_wikidata	2026-09-05	https://id.ndl.go.jp/auth/ndlna/?qw=%E6%96%B0%E4%BA%95%E7%94%B0%E3%82%BB%E3%82%A4%E3%83%8E&g=personalNames&num=100	0		https://www.wikidata.org/wiki/Q116973116	—
arakida-iehisa	荒木田 家寿	active		1981	death_supported	2026-09-05	https://id.ndl.go.jp/auth/ndlna/?qw=%E8%8D%92%E6%9C%A8%E7%94%B0%E5%AE%B6%E5%AF%BF&g=personalNames&num=100	1	"""荒木田 家寿"" (訃報 OR 死去 OR 逝去 OR 生没年) | ""荒木田家寿"" 訃報 死去"	https://id.ndl.go.jp/auth/ndlna/00003041	—
asai-take	浅井 タケ	active	1994	1994	existing_death_matches_wikidata	2026-09-05	https://id.ndl.go.jp/auth/ndlna/?qw=%E6%B5%85%E4%BA%95%E3%82%BF%E3%82%B1&g=personalNames&num=100	1		https://www.wikidata.org/wiki/Q5925741	—
asakura-toshimitsu	朝倉 利光	active			death_not_established	2026-09-05	https://id.ndl.go.jp/auth/ndlna/?qw=%E6%9C%9D%E5%80%89%E5%88%A9%E5%85%89&g=personalNames&num=100	1	"""朝倉 利光"" (訃報 OR 死去 OR 逝去 OR 生没年) | ""朝倉利光"" 訃報 死去"		—
asjp-consortium	ASJP Consortium (Wichmann et al.)	active			death_not_established	2026-09-05	https://id.ndl.go.jp/auth/ndlna/?qw=ASJP%20Consortium%20%28Wichmann%20et%20al.%29&g=personalNames&num=100	0	"""ASJP Consortium (Wichmann et al.)"" (obituary OR died OR ""passed away"") | ""ASJP Consortium (Wichmann et al.)"" obituary died"		—
august-pfizmaier	August Pfizmaier	active	1887	1887	existing_death_matches_wikidata	2026-09-05	https://id.ndl.go.jp/auth/ndlna/?qw=August%20Pfizmaier&g=personalNames&num=100	0		https://www.wikidata.org/wiki/Q90550	—
azumi-yasunori	安曇 恭徳	active			death_not_established	2026-09-05	https://id.ndl.go.jp/auth/ndlna/?qw=%E5%AE%89%E6%9B%87%E6%81%AD%E5%BE%B3&g=personalNames&num=100	0	"""安曇 恭徳"" (訃報 OR 死去 OR 逝去 OR 生没年) | ""安曇恭徳"" 訃報 死去"		—
baba-yumi	馬場 裕美	active			death_not_established	2026-09-05	https://id.ndl.go.jp/auth/ndlna/?qw=%E9%A6%AC%E5%A0%B4%E8%A3%95%E7%BE%8E&g=personalNames&num=100	0	"""馬場 裕美"" (訃報 OR 死去 OR 逝去 OR 生没年) | ""馬場裕美"" 訃報 死去"		—
baek-sangyub	Baek Sangyub	active			death_not_established	2026-09-05	https://id.ndl.go.jp/auth/ndlna/?qw=Baek%20Sangyub&g=personalNames&num=100	0	"""Baek Sangyub"" (obituary OR died OR ""passed away"") | ""Baek Sangyub"" obituary died"		—
barrie-michael	Barrie Michael	active			death_not_established	2026-09-05	https://id.ndl.go.jp/auth/ndlna/?qw=Barrie%20Michael&g=personalNames&num=100	0	"""Barrie Michael"" (obituary OR died OR ""passed away"") | ""Barrie Michael"" obituary died"		—
basil-hall-chamberlain	Basil Hall Chamberlain	active	1935	1935	existing_death_matches_wikidata	2026-09-05	https://id.ndl.go.jp/auth/ndlna/?qw=Basil%20Hall%20Chamberlain&g=personalNames&num=100	1		https://www.wikidata.org/wiki/Q810029	—
batchelor-john	John Batchelor	active	1944	1944	existing_death_matches_wikidata	2026-09-05	https://id.ndl.go.jp/auth/ndlna/?qw=John%20Batchelor&g=personalNames&num=100	3		https://www.wikidata.org/wiki/Q2618150	—
benon-zbigniew-sza-ek	Benon Zbigniew Szałek	active			death_not_established	2026-09-05	https://id.ndl.go.jp/auth/ndlna/?qw=Benon%20Zbigniew%20Sza%C5%82ek&g=personalNames&num=100	0	"""Benon Zbigniew Szałek"" (obituary OR died OR ""passed away"") | ""Benon Zbigniew Szałek"" obituary died"		—
bronis-aw-pi-sudski	Bronisław Piłsudski	active	1918	1918	existing_death_matches_wikidata	2026-09-05	https://id.ndl.go.jp/auth/ndlna/?qw=Bronis%C5%82aw%20Pi%C5%82sudski&g=personalNames&num=100	1		https://www.wikidata.org/wiki/Q586914	—
bugaeva-anna	アンナ・ブガエワ	active			death_not_established	2026-09-05	https://id.ndl.go.jp/auth/ndlna/?qw=%E3%82%A2%E3%83%B3%E3%83%8A%E3%83%BB%E3%83%96%E3%82%AC%E3%82%A8%E3%83%AF&g=personalNames&num=100	1	"""アンナ・ブガエワ"" (訃報 OR 死去 OR 逝去 OR 生没年) | ""アンナ・ブガエワ"" 訃報 死去"		—
c	マーハ ジョン C.	active			death_not_established	2026-09-05	https://id.ndl.go.jp/auth/ndlna/?qw=%E3%83%9E%E3%83%BC%E3%83%8F%20%E3%82%B8%E3%83%A7%E3%83%B3%20C.&g=personalNames&num=100	1	"""マーハ ジョン C."" (訃報 OR 死去 OR 逝去 OR 生没年) | ""マーハジョンC."" 訃報 死去"		—
carl-etter	Carl Etter	active			death_not_established	2026-09-05	https://id.ndl.go.jp/auth/ndlna/?qw=Carl%20Etter&g=personalNames&num=100	0	"""Carl Etter"" (obituary OR died OR ""passed away"") | ""Carl Etter"" obituary died"		—
chamberlain-basil-hall-1850-1935	Chamberlain, Basil Hall, 1850-1935	active		1935	death_supported	2026-09-05	https://id.ndl.go.jp/auth/ndlna/?qw=Chamberlain%2C%20Basil%20Hall%2C%201850-1935&g=personalNames&num=100	1	"""Chamberlain, Basil Hall, 1850-1935"" (obituary OR died OR ""passed away"") | ""Chamberlain, Basil Hall, 1850-1935"" obituary died"	https://id.ndl.go.jp/auth/ndlna/00435646	—
chiri-mashiho	知里 真志保	active	1961	1961	existing_death_matches_wikidata	2026-09-05	https://id.ndl.go.jp/auth/ndlna/?qw=%E7%9F%A5%E9%87%8C%E7%9C%9F%E5%BF%97%E4%BF%9D&g=personalNames&num=100	1		https://www.wikidata.org/wiki/Q11584669	—
chiri-mutsumi	知里 むつみ	active	2016	2016	existing_death_matches_wikidata	2026-09-05	https://id.ndl.go.jp/auth/ndlna/?qw=%E7%9F%A5%E9%87%8C%E3%82%80%E3%81%A4%E3%81%BF&g=personalNames&num=100	1		https://www.wikidata.org/wiki/Q128896159	—
chiri-takanaka	知里 高央	active		1965	death_supported	2026-09-05	https://id.ndl.go.jp/auth/ndlna/?qw=%E7%9F%A5%E9%87%8C%E9%AB%98%E5%A4%AE&g=personalNames&num=100	1	"""知里 高央"" (訃報 OR 死去 OR 逝去 OR 生没年) | ""知里高央"" 訃報 死去"	https://id.ndl.go.jp/auth/ndlna/00084155	—
chiri-yukie	知里 幸恵	active	1922	1922	existing_death_matches_wikidata	2026-09-05	https://id.ndl.go.jp/auth/ndlna/?qw=%E7%9F%A5%E9%87%8C%E5%B9%B8%E6%81%B5&g=personalNames&num=100	1		https://www.wikidata.org/wiki/Q7315919	—
chisato-dubreuil	Chisato Dubreuil	active			death_not_established	2026-09-05	https://id.ndl.go.jp/auth/ndlna/?qw=Chisato%20Dubreuil&g=personalNames&num=100	0	"""Chisato Dubreuil"" (obituary OR died OR ""passed away"") | ""Chisato Dubreuil"" obituary died"		—
chisato-dubreuil-2	Chisato (Kitty) Dubreuil	active			death_not_established	2026-09-05	https://id.ndl.go.jp/auth/ndlna/?qw=Chisato%20%28Kitty%29%20Dubreuil&g=personalNames&num=100	0	"""Chisato (Kitty) Dubreuil"" (obituary OR died OR ""passed away"") | ""Chisato (Kitty) Dubreuil"" obituary died"		—
cjyet-yo	于 拙	active			death_not_established	2026-09-05	https://id.ndl.go.jp/auth/ndlna/?qw=%E4%BA%8E%E6%8B%99&g=personalNames&num=100	1	"""于 拙"" (訃報 OR 死去 OR 逝去 OR 生没年) | ""于拙"" 訃報 死去"		—
dal-corso-elia	Dal Corso Elia	active			death_not_established	2026-09-05	https://id.ndl.go.jp/auth/ndlna/?qw=Dal%20Corso%20Elia&g=personalNames&num=100	0	"""Dal Corso Elia"" (obituary OR died OR ""passed away"") | ""Dal Corso Elia"" obituary died"		—
david-l-howell	David L. Howell	active			death_not_established	2026-09-05	https://id.ndl.go.jp/auth/ndlna/?qw=David%20L.%20Howell&g=personalNames&num=100	1	"""David L. Howell"" (obituary OR died OR ""passed away"") | ""David L. Howell"" obituary died"		—
david-w-hughes	David W. Hughes	active		2025	death_supported	2026-09-05	https://id.ndl.go.jp/auth/ndlna/?qw=David%20W.%20Hughes&g=personalNames&num=100	2	"""David W. Hughes"" (obituary OR died OR ""passed away"") | ""David W. Hughes"" obituary died"	https://www.soas.ac.uk/about/news/david-w-hughes-senior-lecturer-ethnomusicology-has-passed-away	—
davydov-gavriil-ivanovich-1784-1809	Davydov, Gavriil Ivanovich, 1784-1809	active		1809	death_supported	2026-09-05	https://id.ndl.go.jp/auth/ndlna/?qw=Davydov%2C%20Gavriil%20Ivanovich%2C%201784-1809&g=personalNames&num=100	0	"""Davydov, Gavriil Ivanovich, 1784-1809"" (obituary OR died OR ""passed away"") | ""Davydov, Gavriil Ivanovich, 1784-1809"" obituary died"	https://www.si.edu/object/siris_sil_271667	—
dellert-johannes-et-al	Dellert, Johannes et al.	active			death_not_established	2026-09-05	https://id.ndl.go.jp/auth/ndlna/?qw=Dellert%2C%20Johannes%20et%20al.&g=personalNames&num=100	0	"""Dellert, Johannes et al."" (obituary OR died OR ""passed away"") | ""Dellert, Johannes et al."" obituary died"		—
deriha-koji	出利葉 浩司	active			death_not_established	2026-09-05	https://id.ndl.go.jp/auth/ndlna/?qw=%E5%87%BA%E5%88%A9%E8%91%89%E6%B5%A9%E5%8F%B8&g=personalNames&num=100	1	"""出利葉 浩司"" (訃報 OR 死去 OR 逝去 OR 生没年) | ""出利葉浩司"" 訃報 死去"		—
donald-l-philippi	Donald L. Philippi	active		1993	death_supported	2026-09-05	https://id.ndl.go.jp/auth/ndlna/?qw=Donald%20L.%20Philippi&g=personalNames&num=100	1	"""Donald L. Philippi"" (obituary OR died OR ""passed away"") | ""Donald L. Philippi"" obituary died"	https://web.archive.org/web/20190901121816/http://www.jai2.com/dlpobit.htm	—
echizenya-hiroshi	越前谷 博	active			death_not_established	2026-09-05	https://id.ndl.go.jp/auth/ndlna/?qw=%E8%B6%8A%E5%89%8D%E8%B0%B7%E5%8D%9A&g=personalNames&num=100	0	"""越前谷 博"" (訃報 OR 死去 OR 逝去 OR 生没年) | ""越前谷博"" 訃報 死去"		—
egami-namio	江上 波夫	active	2002	2002	existing_death_matches_wikidata	2026-09-05	https://id.ndl.go.jp/auth/ndlna/?qw=%E6%B1%9F%E4%B8%8A%E6%B3%A2%E5%A4%AB&g=personalNames&num=100	1		https://www.wikidata.org/wiki/Q11550613	—
emiko-ohnuki-tierney	Emiko Ohnuki‐Tierney	active			death_not_established	2026-09-05	https://id.ndl.go.jp/auth/ndlna/?qw=Emiko%20Ohnuki%E2%80%90Tierney&g=personalNames&num=100	1	"""Emiko Ohnuki‐Tierney"" (obituary OR died OR ""passed away"") | ""Emiko Ohnuki‐Tierney"" obituary died"		—
emori-susumu	榎森 進	active			death_not_established	2026-09-05	https://id.ndl.go.jp/auth/ndlna/?qw=%E6%A6%8E%E6%A3%AE%E9%80%B2&g=personalNames&num=100	1	"""榎森 進"" (訃報 OR 死去 OR 逝去 OR 生没年) | ""榎森進"" 訃報 死去"		—
endo-masatoshi	遠藤 匡俊	active			death_not_established	2026-09-05	https://id.ndl.go.jp/auth/ndlna/?qw=%E9%81%A0%E8%97%A4%E5%8C%A1%E4%BF%8A&g=personalNames&num=100	1	"""遠藤 匡俊"" (訃報 OR 死去 OR 逝去 OR 生没年) | ""遠藤匡俊"" 訃報 死去"		—
endo-shiho	遠藤 志保	active			death_not_established	2026-09-05	https://id.ndl.go.jp/auth/ndlna/?qw=%E9%81%A0%E8%97%A4%E5%BF%97%E4%BF%9D&g=personalNames&num=100	2	"""遠藤 志保"" (訃報 OR 死去 OR 逝去 OR 生没年) | ""遠藤志保"" 訃報 死去"		—
english-wiktionary	English Wiktionary	active			death_not_established	2026-09-05	https://id.ndl.go.jp/auth/ndlna/?qw=English%20Wiktionary&g=personalNames&num=100	0	"""English Wiktionary"" (obituary OR died OR ""passed away"") | ""English Wiktionary"" obituary died"		—
fosco-maraini	Fosco Maraini	active	2004	2004	existing_death_matches_wikidata	2026-09-05	https://id.ndl.go.jp/auth/ndlna/?qw=Fosco%20Maraini&g=personalNames&num=100	1		https://www.wikidata.org/wiki/Q1439364	—
fred-c-c-peng	Fred C.C. Peng	active			death_not_established	2026-09-05	https://id.ndl.go.jp/auth/ndlna/?qw=Fred%20C.C.%20Peng&g=personalNames&num=100	0	"""Fred C.C. Peng"" (obituary OR died OR ""passed away"") | ""Fred C.C. Peng"" obituary died"		—
fujii-naoharu	藤井 尚治	active	1997	1997	existing_death_matches_wikidata	2026-09-05	https://id.ndl.go.jp/auth/ndlna/?qw=%E8%97%A4%E4%BA%95%E5%B0%9A%E6%B2%BB&g=personalNames&num=100	2		https://www.wikidata.org/wiki/Q11622765	—
fujii-sadakazu	藤井 貞和	active			death_not_established	2026-09-05	https://id.ndl.go.jp/auth/ndlna/?qw=%E8%97%A4%E4%BA%95%E8%B2%9E%E5%92%8C&g=personalNames&num=100	1	"""藤井 貞和"" (訃報 OR 死去 OR 逝去 OR 生没年) | ""藤井貞和"" 訃報 死去"		—
fujimoto-hideo	藤本 英夫	active	2005	2005	death_supported	2026-09-05	https://id.ndl.go.jp/auth/ndlna/?qw=%E8%97%A4%E6%9C%AC%E8%8B%B1%E5%A4%AB&g=personalNames&num=100	1		https://ci.nii.ac.jp/ncid/BD20381900	—
fujimura-hisakazu	藤村 久和	active	2025	2025	death_supported	2026-09-05	https://id.ndl.go.jp/auth/ndlna/?qw=%E8%97%A4%E6%9D%91%E4%B9%85%E5%92%8C&g=personalNames&num=100	1		https://www.hkk.or.jp/kouhou/file/allpage_no747.pdf	—
fujita-mamoru	藤田護	active			death_not_established	2026-09-05	https://id.ndl.go.jp/auth/ndlna/?qw=%E8%97%A4%E7%94%B0%E8%AD%B7&g=personalNames&num=100	2	"""藤田護"" (訃報 OR 死去 OR 逝去 OR 生没年) | ""藤田護"" 訃報 死去"		—
fujiyama-haru	藤山 ハル	active	1974	1974	existing_death_matches_wikidata	2026-09-05	https://id.ndl.go.jp/auth/ndlna/?qw=%E8%97%A4%E5%B1%B1%E3%83%8F%E3%83%AB&g=personalNames&num=100	1		https://www.wikidata.org/wiki/Q11623839	—
fukazawa-mika	深澤 美香	active			death_not_established	2026-09-05	https://id.ndl.go.jp/auth/ndlna/?qw=%E6%B7%B1%E6%BE%A4%E7%BE%8E%E9%A6%99&g=personalNames&num=100	1	"""深澤 美香"" (訃報 OR 死去 OR 逝去 OR 生没年) | ""深澤美香"" 訃報 死去"		—
fukuda-kichijiro	福田 吉次郎	active			death_not_established	2026-09-05	https://id.ndl.go.jp/auth/ndlna/?qw=%E7%A6%8F%E7%94%B0%E5%90%89%E6%AC%A1%E9%83%8E&g=personalNames&num=100	1	"""福田 吉次郎"" (訃報 OR 死去 OR 逝去 OR 生没年) | ""福田吉次郎"" 訃報 死去"		—
fukuda-tomoyuki	福田 友之	active		2021	death_supported	2026-09-05	https://id.ndl.go.jp/auth/ndlna/?qw=%E7%A6%8F%E7%94%B0%E5%8F%8B%E4%B9%8B&g=personalNames&num=100	1	"""福田 友之"" (訃報 OR 死去 OR 逝去 OR 生没年) | ""福田友之"" 訃報 死去"	https://id.ndl.go.jp/auth/ndlna/01142584	—
fukuoka-itoko	福岡 イト子	active			death_not_established	2026-09-05	https://id.ndl.go.jp/auth/ndlna/?qw=%E7%A6%8F%E5%B2%A1%E3%82%A4%E3%83%88%E5%AD%90&g=personalNames&num=100	1	"""福岡 イト子"" (訃報 OR 死去 OR 逝去 OR 生没年) | ""福岡イト子"" 訃報 死去"		—
furuhara-toshihiro	古原 敏弘	active			death_not_established	2026-09-05	https://id.ndl.go.jp/auth/ndlna/?qw=%E5%8F%A4%E5%8E%9F%E6%95%8F%E5%BC%98&g=personalNames&num=100	1	"""古原 敏弘"" (訃報 OR 死去 OR 逝去 OR 生没年) | ""古原敏弘"" 訃報 死去"		—
furukawa-kyoko	古川 恭子	active			death_not_established	2026-09-05	https://id.ndl.go.jp/auth/ndlna/?qw=%E5%8F%A4%E5%B7%9D%E6%81%AD%E5%AD%90&g=personalNames&num=100	0	"""古川 恭子"" (訃報 OR 死去 OR 逝去 OR 生没年) | ""古川恭子"" 訃報 死去"		—
gary-w-crawford	Gary W. Crawford	active			death_not_established	2026-09-05	https://id.ndl.go.jp/auth/ndlna/?qw=Gary%20W.%20Crawford&g=personalNames&num=100	0	"""Gary W. Crawford"" (obituary OR died OR ""passed away"") | ""Gary W. Crawford"" obituary died"		—
gayman-jeffry	Jeffry Gayman	active			death_not_established	2026-09-05	https://id.ndl.go.jp/auth/ndlna/?qw=Jeffry%20Gayman&g=personalNames&num=100	1	"""Jeffry Gayman"" (obituary OR died OR ""passed away"") | ""Jeffry Gayman"" obituary died"		—
genzo-sarashina	更科 源蔵	active	1985	1985	existing_death_matches_wikidata	2026-09-05	https://id.ndl.go.jp/auth/ndlna/?qw=%E6%9B%B4%E7%A7%91%E6%BA%90%E8%94%B5&g=personalNames&num=100	1		https://www.wikidata.org/wiki/Q11515150	—
georg-wilhelm-steller	Georg Wilhelm Steller	active	1746	1746	existing_death_matches_wikidata	2026-09-05	https://id.ndl.go.jp/auth/ndlna/?qw=Georg%20Wilhelm%20Steller&g=personalNames&num=100	1		https://www.wikidata.org/wiki/Q57222	—
george-john-simeon	George John Simeon	active			death_unconfirmed_identity_review	2026-09-05	https://id.ndl.go.jp/auth/ndlna/?qw=George%20John%20Simeon&g=personalNames&num=100	0	"""George John Simeon"" (obituary OR died OR ""passed away"") | ""George John Simeon"" obituary died"		George Simeonの既存2016年没レコードと家族訃報があるが、学位論文著者との同一性に追加確認が必要。
george-simeon	George Simeon	active	2016	2016	existing_death_matches_wikidata	2026-09-05	https://id.ndl.go.jp/auth/ndlna/?qw=George%20Simeon&g=personalNames&num=100	0		https://www.wikidata.org/wiki/Q123263138	—
georgina-stevens	Georgina Stevens	active			death_not_established	2026-09-05	https://id.ndl.go.jp/auth/ndlna/?qw=Georgina%20Stevens&g=personalNames&num=100	1	"""Georgina Stevens"" (obituary OR died OR ""passed away"") | ""Georgina Stevens"" obituary died"		—
girolamo-de-angelis	Girolamo De Angelis	active	1623	1623	existing_death_matches_wikidata	2026-09-05	https://id.ndl.go.jp/auth/ndlna/?qw=Girolamo%20De%20Angelis&g=personalNames&num=100	0		https://www.wikidata.org/wiki/Q525326	—
goro-shima	GORO SHIMA	active		1983	death_supported	2026-09-05	https://id.ndl.go.jp/auth/ndlna/?qw=GORO%20SHIMA&g=personalNames&num=100	4	"""GORO SHIMA"" (obituary OR died OR ""passed away"") | ""GORO SHIMA"" obituary died"	https://id.ndl.go.jp/auth/ndlna/00354918	—
goto-toshio	後藤 利雄	active		2001	death_supported	2026-09-05	https://id.ndl.go.jp/auth/ndlna/?qw=%E5%BE%8C%E8%97%A4%E5%88%A9%E9%9B%84&g=personalNames&num=100	2	"""後藤 利雄"" (訃報 OR 死去 OR 逝去 OR 生没年) | ""後藤利雄"" 訃報 死去"	https://id.ndl.go.jp/auth/ndlna/00006173	—
hachiya-mai	八谷 麻衣	active			death_not_established	2026-09-05	https://id.ndl.go.jp/auth/ndlna/?qw=%E5%85%AB%E8%B0%B7%E9%BA%BB%E8%A1%A3&g=personalNames&num=100	1	"""八谷 麻衣"" (訃報 OR 死去 OR 逝去 OR 生没年) | ""八谷麻衣"" 訃報 死去"		—
haginaka-mie	萩中 美枝	active	2021	2021	existing_death_matches_wikidata	2026-09-05	https://id.ndl.go.jp/auth/ndlna/?qw=%E8%90%A9%E4%B8%AD%E7%BE%8E%E6%9E%9D&g=personalNames&num=100	1		https://www.wikidata.org/wiki/Q55541603	—
hamada-takashi	浜田 隆史	active			death_not_established	2026-09-05	https://id.ndl.go.jp/auth/ndlna/?qw=%E6%B5%9C%E7%94%B0%E9%9A%86%E5%8F%B2&g=personalNames&num=100	1	"""浜田 隆史"" (訃報 OR 死去 OR 逝去 OR 生没年) | ""浜田隆史"" 訃報 死去"		—
haniwara-kazuro	埴原 和郎	active	2004	2004	existing_death_matches_wikidata	2026-09-05	https://id.ndl.go.jp/auth/ndlna/?qw=%E5%9F%B4%E5%8E%9F%E5%92%8C%E9%83%8E&g=personalNames&num=100	1		https://www.wikidata.org/wiki/Q11426338	—
hans-a-dettmer	Hans A. Dettmer	active	2014	2014	existing_death_matches_wikidata	2026-09-05	https://id.ndl.go.jp/auth/ndlna/?qw=Hans%20A.%20Dettmer&g=personalNames&num=100	0		https://www.wikidata.org/wiki/Q113399866	—
hans-dieter-olschleger	Hans Dieter Ölschleger	active			death_not_established	2026-09-05	https://id.ndl.go.jp/auth/ndlna/?qw=Hans%20Dieter%20%C3%96lschleger&g=personalNames&num=100	1	"""Hans Dieter Ölschleger"" (obituary OR died OR ""passed away"") | ""Hans Dieter Ölschleger"" obituary died"		—
hashio-naokazu	橋尾 直和	active			death_not_established	2026-09-05	https://id.ndl.go.jp/auth/ndlna/?qw=%E6%A9%8B%E5%B0%BE%E7%9B%B4%E5%92%8C&g=personalNames&num=100	0	"""橋尾 直和"" (訃報 OR 死去 OR 逝去 OR 生没年) | ""橋尾直和"" 訃報 死去"		—
hasuike-etsuko	蓮池 悦子	active			death_not_established	2026-09-05	https://id.ndl.go.jp/auth/ndlna/?qw=%E8%93%AE%E6%B1%A0%E6%82%A6%E5%AD%90&g=personalNames&num=100	2	"""蓮池 悦子"" (訃報 OR 死去 OR 逝去 OR 生没年) | ""蓮池悦子"" 訃報 死去"		—
hattori-shiro	服部 四郎	active	1995	1995	existing_death_matches_wikidata	2026-09-05	https://id.ndl.go.jp/auth/ndlna/?qw=%E6%9C%8D%E9%83%A8%E5%9B%9B%E9%83%8E&g=personalNames&num=100	2		https://www.wikidata.org/wiki/Q7498898	—
hayasaka-shun	早坂 駿	active			death_not_established	2026-09-05	https://id.ndl.go.jp/auth/ndlna/?qw=%E6%97%A9%E5%9D%82%E9%A7%BF&g=personalNames&num=100	0	"""早坂 駿"" (訃報 OR 死去 OR 逝去 OR 生没年) | ""早坂駿"" 訃報 死去"		—
hayashi-shihei	林 子平	active		1793	death_supported	2026-09-05	https://id.ndl.go.jp/auth/ndlna/?qw=%E6%9E%97%E5%AD%90%E5%B9%B3&g=personalNames&num=100	1	"""林 子平"" (訃報 OR 死去 OR 逝去 OR 生没年) | ""林子平"" 訃報 死去"	https://id.ndl.go.jp/auth/ndlna/00269629	—
hayashi-yoshishige	林 善茂	active	2013	2013	existing_death_matches_wikidata	2026-09-05	https://id.ndl.go.jp/auth/ndlna/?qw=%E6%9E%97%E5%96%84%E8%8C%82&g=personalNames&num=100	1		https://www.wikidata.org/wiki/Q11532905	—
hayato-kasuga	Hayato Kasuga	active			death_not_established	2026-09-05	https://id.ndl.go.jp/auth/ndlna/?qw=Hayato%20Kasuga&g=personalNames&num=100	0	"""Hayato Kasuga"" (obituary OR died OR ""passed away"") | ""Hayato Kasuga"" obituary died"		—
heo-min	허 민 (Heo Min)	active			death_not_established	2026-09-05	https://id.ndl.go.jp/auth/ndlna/?qw=%ED%97%88%20%EB%AF%BC%20%28Heo%20Min%29&g=personalNames&num=100	0	"""허 민 (Heo Min)"" (obituary OR died OR ""passed away"") | ""허 민 (Heo Min)"" obituary died"		—
hidezo-yamada	山田 秀三	active	1992	1992	existing_death_matches_wikidata	2026-09-05	https://id.ndl.go.jp/auth/ndlna/?qw=%E5%B1%B1%E7%94%B0%E7%A7%80%E4%B8%89&g=personalNames&num=100	4		https://www.wikidata.org/wiki/Q11470585	—
hiraga-sada	平賀 サダ	active		1972	death_supported	2026-09-05	https://id.ndl.go.jp/auth/ndlna/?qw=%E5%B9%B3%E8%B3%80%E3%82%B5%E3%83%80&g=personalNames&num=100	1	"""平賀 サダ"" (訃報 OR 死去 OR 逝去 OR 生没年) | ""平賀サダ"" 訃報 死去"	https://www.hm.pref.hokkaido.lg.jp/wp-content/uploads/2025/01/bulletin_ACRC_vol6_03_p061_111.pdf	同論文が採用する1972年を使用。略年譜には1971年説も併記されている。
hiraga-sadamo	平賀 さだも	active		1972	death_supported	2026-09-05	https://id.ndl.go.jp/auth/ndlna/?qw=%E5%B9%B3%E8%B3%80%E3%81%95%E3%81%A0%E3%82%82&g=personalNames&num=100	1	"""平賀 さだも"" (訃報 OR 死去 OR 逝去 OR 生没年) | ""平賀さだも"" 訃報 死去"	https://www.hm.pref.hokkaido.lg.jp/wp-content/uploads/2025/01/bulletin_ACRC_vol6_03_p061_111.pdf	同論文が採用する1972年を使用。略年譜には1971年説も併記されている。
hiraishi-kiyotaka	平石 清隆	active			death_not_established	2026-09-05	https://id.ndl.go.jp/auth/ndlna/?qw=%E5%B9%B3%E7%9F%B3%E6%B8%85%E9%9A%86&g=personalNames&num=100	1	"""平石 清隆"" (訃報 OR 死去 OR 逝去 OR 生没年) | ""平石清隆"" 訃報 死去"		—
hirako-goichi	平光 吾一	active	1967	1967	existing_death_matches_wikidata	2026-09-05	https://id.ndl.go.jp/auth/ndlna/?qw=%E5%B9%B3%E5%85%89%E5%90%BE%E4%B8%80&g=personalNames&num=100	1		https://www.wikidata.org/wiki/Q9274235	—
hirame-yoshi	平目 よし	active		1973	death_supported	2026-09-05	https://id.ndl.go.jp/auth/ndlna/?qw=%E5%B9%B3%E7%9B%AE%E3%82%88%E3%81%97&g=personalNames&num=100	0	"""平目 よし"" (訃報 OR 死去 OR 逝去 OR 生没年) | ""平目よし"" 訃報 死去"	https://nibutani-ainu-museum.com/pdf/ainu_gaiyou.pdf	—
hirano-katsuya	平野 克弥	active			death_not_established	2026-09-05	https://id.ndl.go.jp/auth/ndlna/?qw=%E5%B9%B3%E9%87%8E%E5%85%8B%E5%BC%A5&g=personalNames&num=100	1	"""平野 克弥"" (訃報 OR 死去 OR 逝去 OR 生没年) | ""平野克弥"" 訃報 死去"		—
hirayama-hiroto	平山 裕人	active			death_not_established	2026-09-05	https://id.ndl.go.jp/auth/ndlna/?qw=%E5%B9%B3%E5%B1%B1%E8%A3%95%E4%BA%BA&g=personalNames&num=100	1	"""平山 裕人"" (訃報 OR 死去 OR 逝去 OR 生没年) | ""平山裕人"" 訃報 死去"		—
hirofumi-kato	加藤 博文	active			death_not_established	2026-09-05	https://id.ndl.go.jp/auth/ndlna/?qw=%E5%8A%A0%E8%97%A4%E5%8D%9A%E6%96%87&g=personalNames&num=100	1	"""加藤 博文"" (訃報 OR 死去 OR 逝去 OR 生没年) | ""加藤博文"" 訃報 死去"		—
hirosawa	廣澤	active			death_not_established	2026-09-05	https://id.ndl.go.jp/auth/ndlna/?qw=%E5%BB%A3%E6%BE%A4&g=personalNames&num=100	100	"""廣澤"" (訃報 OR 死去 OR 逝去 OR 生没年) | ""廣澤"" 訃報 死去"		—
hiroshi-echizen-ya	Hiroshi Echizen‐ya	active			death_not_established	2026-09-05	https://id.ndl.go.jp/auth/ndlna/?qw=Hiroshi%20Echizen%E2%80%90ya&g=personalNames&num=100	0	"""Hiroshi Echizen‐ya"" (obituary OR died OR ""passed away"") | ""Hiroshi Echizen‐ya"" obituary died"		—
hirota-toru	廣田 徹	active			death_not_established	2026-09-05	https://id.ndl.go.jp/auth/ndlna/?qw=%E5%BB%A3%E7%94%B0%E5%BE%B9&g=personalNames&num=100	0	"""廣田 徹"" (訃報 OR 死去 OR 逝去 OR 生没年) | ""廣田徹"" 訃報 死去"		—
hishinuma-uichi	菱沼 右一	active		1944	death_supported	2026-09-05	https://id.ndl.go.jp/auth/ndlna/?qw=%E8%8F%B1%E6%B2%BC%E5%8F%B3%E4%B8%80&g=personalNames&num=100	1	"""菱沼 右一"" (訃報 OR 死去 OR 逝去 OR 生没年) | ""菱沼右一"" 訃報 死去"	https://id.ndl.go.jp/auth/ndlna/00011892	—
hitoshi-watanabe	渡辺 仁	active		1998	death_supported	2026-09-05	https://id.ndl.go.jp/auth/ndlna/?qw=%E6%B8%A1%E8%BE%BA%E4%BB%81&g=personalNames&num=100	18	"""渡辺 仁"" (訃報 OR 死去 OR 逝去 OR 生没年) | ""渡辺仁"" 訃報 死去"	https://id.ndl.go.jp/auth/ndlna/00090648	—
hokkaido-utari-kyokai	Hokkaido Utari Kyokai	active			death_not_established	2026-09-05	https://id.ndl.go.jp/auth/ndlna/?qw=Hokkaido%20Utari%20Kyokai&g=personalNames&num=100	0	"""Hokkaido Utari Kyokai"" (obituary OR died OR ""passed away"") | ""Hokkaido Utari Kyokai"" obituary died"		—
honda-katsuichi	Honda Katsuichi	active			death_not_established	2026-09-05	https://id.ndl.go.jp/auth/ndlna/?qw=Honda%20Katsuichi&g=personalNames&num=100	1	"""Honda Katsuichi"" (obituary OR died OR ""passed away"") | ""Honda Katsuichi"" obituary died"		—
honda-yuko	本田 優子	active			death_not_established	2026-09-05	https://id.ndl.go.jp/auth/ndlna/?qw=%E6%9C%AC%E7%94%B0%E5%84%AA%E5%AD%90&g=personalNames&num=100	1	"""本田 優子"" (訃報 OR 死去 OR 逝去 OR 生没年) | ""本田優子"" 訃報 死去"		—
hori-etsuko	堀 悦子	active			death_not_established	2026-09-05	https://id.ndl.go.jp/auth/ndlna/?qw=%E5%A0%80%E6%82%A6%E5%AD%90&g=personalNames&num=100	2	"""堀 悦子"" (訃報 OR 死去 OR 逝去 OR 生没年) | ""堀悦子"" 訃報 死去"		—
hosanna-fukuzawa	Hosanna Fukuzawa	active			death_not_established	2026-09-05	https://id.ndl.go.jp/auth/ndlna/?qw=Hosanna%20Fukuzawa&g=personalNames&num=100	0	"""Hosanna Fukuzawa"" (obituary OR died OR ""passed away"") | ""Hosanna Fukuzawa"" obituary died"		—
ida-ayu-laksmita-sari	Ida Ayu Laksmita Sari	active			death_not_established	2026-09-05	https://id.ndl.go.jp/auth/ndlna/?qw=Ida%20Ayu%20Laksmita%20Sari&g=personalNames&num=100	0	"""Ida Ayu Laksmita Sari"" (obituary OR died OR ""passed away"") | ""Ida Ayu Laksmita Sari"" obituary died"		—
igarashi-ryo	五十嵐 涼	active			death_not_established	2026-09-05	https://id.ndl.go.jp/auth/ndlna/?qw=%E4%BA%94%E5%8D%81%E5%B5%90%E6%B6%BC&g=personalNames&num=100	1	"""五十嵐 涼"" (訃報 OR 死去 OR 逝去 OR 生没年) | ""五十嵐涼"" 訃報 死去"		—
igor-garshin	Igor Garshin	active			death_not_established	2026-09-05	https://id.ndl.go.jp/auth/ndlna/?qw=Igor%20Garshin&g=personalNames&num=100	0	"""Igor Garshin"" (obituary OR died OR ""passed away"") | ""Igor Garshin"" obituary died"		—
iguchi-toshio	井口 利夫	active			death_not_established	2026-09-05	https://id.ndl.go.jp/auth/ndlna/?qw=%E4%BA%95%E5%8F%A3%E5%88%A9%E5%A4%AB&g=personalNames&num=100	1	"""井口 利夫"" (訃報 OR 死去 OR 逝去 OR 生没年) | ""井口利夫"" 訃報 死去"		—
ijas-silja	Ijas Silja	active			death_not_established	2026-09-05	https://id.ndl.go.jp/auth/ndlna/?qw=Ijas%20Silja&g=personalNames&num=100	0	"""Ijas Silja"" (obituary OR died OR ""passed away"") | ""Ijas Silja"" obituary died"		—
ikeda-yuko	池田 裕子	active			death_not_established	2026-09-05	https://id.ndl.go.jp/auth/ndlna/?qw=%E6%B1%A0%E7%94%B0%E8%A3%95%E5%AD%90&g=personalNames&num=100	9	"""池田 裕子"" (訃報 OR 死去 OR 逝去 OR 生没年) | ""池田裕子"" 訃報 死去"		—
ikegami-jiro	池上 二良	active	2011	2011	existing_death_matches_wikidata	2026-09-05	https://id.ndl.go.jp/auth/ndlna/?qw=%E6%B1%A0%E4%B8%8A%E4%BA%8C%E8%89%AF&g=personalNames&num=100	1		https://www.wikidata.org/wiki/Q108110751	—
ilya-g-voznesensky	Ilya G. Voznesensky	active	1871	1871	existing_death_matches_wikidata	2026-09-05	https://id.ndl.go.jp/auth/ndlna/?qw=Ilya%20G.%20Voznesensky&g=personalNames&num=100	0		https://www.wikidata.org/wiki/Q19907630	—
inaba-katsuo	因幡 勝雄	active			death_not_established	2026-09-05	https://id.ndl.go.jp/auth/ndlna/?qw=%E5%9B%A0%E5%B9%A1%E5%8B%9D%E9%9B%84&g=personalNames&num=100	1	"""因幡 勝雄"" (訃報 OR 死去 OR 逝去 OR 生没年) | ""因幡勝雄"" 訃報 死去"		—
inagaki-katsuhiko	稲垣 克彦	active			death_unconfirmed_identity_review	2026-09-05	https://id.ndl.go.jp/auth/ndlna/?qw=%E7%A8%B2%E5%9E%A3%E5%85%8B%E5%BD%A6&g=personalNames&num=100	2	"""稲垣 克彦"" (訃報 OR 死去 OR 逝去 OR 生没年) | ""稲垣克彦"" 訃報 死去"		旭川医科大学の物理学研究者。1911–2004年の同名軍医と区別。
inoue-fumio	井上 文夫	active			death_not_established	2026-09-05	https://id.ndl.go.jp/auth/ndlna/?qw=%E4%BA%95%E4%B8%8A%E6%96%87%E5%A4%AB&g=personalNames&num=100	5	"""井上 文夫"" (訃報 OR 死去 OR 逝去 OR 生没年) | ""井上文夫"" 訃報 死去"		—
inoue-koichi	井上 紘一	active			death_not_established	2026-09-05	https://id.ndl.go.jp/auth/ndlna/?qw=%E4%BA%95%E4%B8%8A%E7%B4%98%E4%B8%80&g=personalNames&num=100	1	"""井上 紘一"" (訃報 OR 死去 OR 逝去 OR 生没年) | ""井上紘一"" 訃報 死去"		—
inoue-takuya	井上拓也	active			death_not_established	2026-09-05	https://id.ndl.go.jp/auth/ndlna/?qw=%E4%BA%95%E4%B8%8A%E6%8B%93%E4%B9%9F&g=personalNames&num=100	2	"""井上拓也"" (訃報 OR 死去 OR 逝去 OR 生没年) | ""井上拓也"" 訃報 死去"		—
inukai-tetsuo	犬飼 哲夫	active	1989	1989	existing_death_matches_wikidata	2026-09-05	https://id.ndl.go.jp/auth/ndlna/?qw=%E7%8A%AC%E9%A3%BC%E5%93%B2%E5%A4%AB&g=personalNames&num=100	1		https://www.wikidata.org/wiki/Q13099859	—
ishida-hajime	石田 肇	active			death_not_established	2026-09-05	https://id.ndl.go.jp/auth/ndlna/?qw=%E7%9F%B3%E7%94%B0%E8%82%87&g=personalNames&num=100	6	"""石田 肇"" (訃報 OR 死去 OR 逝去 OR 生没年) | ""石田肇"" 訃報 死去"		—
ishida-hisao	石田 久大	active			death_not_established	2026-09-05	https://id.ndl.go.jp/auth/ndlna/?qw=%E7%9F%B3%E7%94%B0%E4%B9%85%E5%A4%A7&g=personalNames&num=100	0	"""石田 久大"" (訃報 OR 死去 OR 逝去 OR 生没年) | ""石田久大"" 訃報 死去"		—
ishida-shuzo	石田 收藏	active		1940	death_supported	2026-09-05	https://id.ndl.go.jp/auth/ndlna/?qw=%E7%9F%B3%E7%94%B0%E6%94%B6%E8%97%8F&g=personalNames&num=100	1	"""石田 收藏"" (訃報 OR 死去 OR 逝去 OR 生没年) | ""石田收藏"" 訃報 死去"	https://id.ndl.go.jp/auth/ndlna/00798475	—
ishihara-mai	石原 真衣	active			death_not_established	2026-09-05	https://id.ndl.go.jp/auth/ndlna/?qw=%E7%9F%B3%E5%8E%9F%E7%9C%9F%E8%A1%A3&g=personalNames&num=100	1	"""石原 真衣"" (訃報 OR 死去 OR 逝去 OR 生没年) | ""石原真衣"" 訃報 死去"		—
ishihara-makoto	石原 誠	active	1938		identity_corrected	2026-09-05	https://id.ndl.go.jp/auth/ndlna/?qw=%E7%9F%B3%E5%8E%9F%E8%AA%A0&g=personalNames&num=100	4	"""石原 誠"" (訃報 OR 死去 OR 逝去 OR 生没年) | ""石原誠"" 訃報 死去"	https://ainu-center.hm.pref.hokkaido.lg.jp/kankou/kiyou/pdf/kiyou15-04.pdf	サッポロ堂書店の書誌研究者。2009年の謝辞に登場し、1938年没の同名人物と区別。生没年未確認。
ishii-masami	石井 正己	active			death_not_established	2026-09-05	https://id.ndl.go.jp/auth/ndlna/?qw=%E7%9F%B3%E4%BA%95%E6%AD%A3%E5%B7%B1&g=personalNames&num=100	2	"""石井 正己"" (訃報 OR 死去 OR 逝去 OR 生没年) | ""石井正己"" 訃報 死去"		—
ishii-tomomi	石井 智美	active			death_not_established	2026-09-05	https://id.ndl.go.jp/auth/ndlna/?qw=%E7%9F%B3%E4%BA%95%E6%99%BA%E7%BE%8E&g=personalNames&num=100	1	"""石井 智美"" (訃報 OR 死去 OR 逝去 OR 生没年) | ""石井智美"" 訃報 死去"		—
ishikawa-mikaho	石川 美香穂	active			death_not_established	2026-09-05	https://id.ndl.go.jp/auth/ndlna/?qw=%E7%9F%B3%E5%B7%9D%E7%BE%8E%E9%A6%99%E7%A9%82&g=personalNames&num=100	0	"""石川 美香穂"" (訃報 OR 死去 OR 逝去 OR 生没年) | ""石川美香穂"" 訃報 死去"		—
ishikawa-motosuke	石川 元助	active		1981	death_supported	2026-09-05	https://id.ndl.go.jp/auth/ndlna/?qw=%E7%9F%B3%E5%B7%9D%E5%85%83%E5%8A%A9&g=personalNames&num=100	1	"""石川 元助"" (訃報 OR 死去 OR 逝去 OR 生没年) | ""石川元助"" 訃報 死去"	https://id.ndl.go.jp/auth/ndlna/00021278	—
ishimura-hiroko	石村 博子	active			death_not_established	2026-09-05	https://id.ndl.go.jp/auth/ndlna/?qw=%E7%9F%B3%E6%9D%91%E5%8D%9A%E5%AD%90&g=personalNames&num=100	1	"""石村 博子"" (訃報 OR 死去 OR 逝去 OR 生没年) | ""石村博子"" 訃報 死去"		—
isobe-etsuko	磯部 恵津子	active			death_not_established	2026-09-05	https://id.ndl.go.jp/auth/ndlna/?qw=%E7%A3%AF%E9%83%A8%E6%81%B5%E6%B4%A5%E5%AD%90&g=personalNames&num=100	0	"""磯部 恵津子"" (訃報 OR 死去 OR 逝去 OR 生没年) | ""磯部恵津子"" 訃報 死去"		—
isobe-seiichi	礒部 精一	active			death_not_established	2026-09-05	https://id.ndl.go.jp/auth/ndlna/?qw=%E7%A4%92%E9%83%A8%E7%B2%BE%E4%B8%80&g=personalNames&num=100	2	"""礒部精一"" (訃報 OR 死去 OR 逝去 OR 生没年)"		—
issan-uoi	Issan Uoi	active			death_not_established	2026-09-05	https://id.ndl.go.jp/auth/ndlna/?qw=Issan%20Uoi&g=personalNames&num=100	0	"""Issan Uoi"" (obituary OR died OR ""passed away"")"		—
itabashi-yoshizo	板橋 義三	active			death_not_established	2026-09-05	https://id.ndl.go.jp/auth/ndlna/?qw=%E6%9D%BF%E6%A9%8B%E7%BE%A9%E4%B8%89&g=personalNames&num=100	1	"""板橋義三"" (訃報 OR 死去 OR 逝去 OR 生没年)"		—
itakura-genjiro	板倉 源次郎	active			death_not_established	2026-09-05	https://id.ndl.go.jp/auth/ndlna/?qw=%E6%9D%BF%E5%80%89%E6%BA%90%E6%AC%A1%E9%83%8E&g=personalNames&num=100	0	"""板倉源次郎"" (訃報 OR 死去 OR 逝去 OR 生没年)"		—
ito-atsunori	伊藤 敦規	active			death_not_established	2026-09-05	https://id.ndl.go.jp/auth/ndlna/?qw=%E4%BC%8A%E8%97%A4%E6%95%A6%E8%A6%8F&g=personalNames&num=100	1	"""伊藤敦規"" (訃報 OR 死去 OR 逝去 OR 生没年)"		—
ito-hiromitsu	伊藤 裕満	active			death_not_established	2026-09-05	https://id.ndl.go.jp/auth/ndlna/?qw=%E4%BC%8A%E8%97%A4%E8%A3%95%E6%BA%80&g=personalNames&num=100	0	"""伊藤裕満"" (訃報 OR 死去 OR 逝去 OR 生没年)"		—
ito-katsuhisa	伊藤 勝久	active			death_not_established	2026-09-05	https://id.ndl.go.jp/auth/ndlna/?qw=%E4%BC%8A%E8%97%A4%E5%8B%9D%E4%B9%85&g=personalNames&num=100	3	"""伊藤勝久"" (訃報 OR 死去 OR 逝去 OR 生没年)"		—
ito-kohei	伊藤 公平	active			death_unconfirmed_identity_review	2026-09-05	https://id.ndl.go.jp/auth/ndlna/?qw=%E4%BC%8A%E8%97%A4%E5%85%AC%E5%B9%B3&g=personalNames&num=100	3	"""伊藤公平"" (訃報 OR 死去 OR 逝去 OR 生没年)"		アイヌ語地名の著者と1901–1984年の歌人との同一性を確認できず。
ito-seichi	伊藤 せいち	active			death_not_established	2026-09-05	https://id.ndl.go.jp/auth/ndlna/?qw=%E4%BC%8A%E8%97%A4%E3%81%9B%E3%81%84%E3%81%A1&g=personalNames&num=100	1	"""伊藤せいち"" (訃報 OR 死去 OR 逝去 OR 生没年)"		—
ivan-brenes	Ivan Brenes	active			death_not_established	2026-09-05	https://id.ndl.go.jp/auth/ndlna/?qw=Ivan%20Brenes&g=personalNames&num=100	0	"""Ivan Brenes"" (obituary OR died OR ""passed away"")"		—
ivar-lindquist	Ivar Lindquist	active	1985	1985	existing_death_matches_wikidata	2026-09-05	https://id.ndl.go.jp/auth/ndlna/?qw=Ivar%20Lindquist&g=personalNames&num=100	0		https://www.wikidata.org/wiki/Q16649716	—
iwasawa-takako	岩澤 孝子	active			death_not_established	2026-09-05	https://id.ndl.go.jp/auth/ndlna/?qw=%E5%B2%A9%E6%BE%A4%E5%AD%9D%E5%AD%90&g=personalNames&num=100	1	"""岩澤孝子"" (訃報 OR 死去 OR 逝去 OR 生没年)"		—
izutsu-katsunobu	井筒 勝信	active			death_not_established	2026-09-05	https://id.ndl.go.jp/auth/ndlna/?qw=%E4%BA%95%E7%AD%92%E5%8B%9D%E4%BF%A1&g=personalNames&num=100	1	"""井筒勝信"" (訃報 OR 死去 OR 逝去 OR 生没年)"		—
j-m	阪口諒・ディクソンJ. M.	active			death_not_established	2026-09-05	https://id.ndl.go.jp/auth/ndlna/?qw=%E9%98%AA%E5%8F%A3%E8%AB%92%E3%83%BB%E3%83%87%E3%82%A3%E3%82%AF%E3%82%BD%E3%83%B3J.M.&g=personalNames&num=100	0	"""阪口諒・ディクソンJ.M."" (訃報 OR 死去 OR 逝去 OR 生没年)"		—
james-patrie	James Patrie	active			death_not_established	2026-09-05	https://id.ndl.go.jp/auth/ndlna/?qw=James%20Patrie&g=personalNames&num=100	0	"""James Patrie"" (obituary OR died OR ""passed away"")"		—
jennifer-teeter	Jennifer Teeter	active			death_not_established	2026-09-05	https://id.ndl.go.jp/auth/ndlna/?qw=Jennifer%20Teeter&g=personalNames&num=100	0	"""Jennifer Teeter"" (obituary OR died OR ""passed away"")"		—
jinbo-kotora	神保 小虎	active	1924	1924	existing_death_matches_wikidata	2026-09-05	https://id.ndl.go.jp/auth/ndlna/?qw=%E7%A5%9E%E4%BF%9D%E5%B0%8F%E8%99%8E&g=personalNames&num=100	1		https://www.wikidata.org/wiki/Q15177167	—
johannes-rahder	Johannes Rahder	active	1988	1988	existing_death_matches_wikidata	2026-09-05	https://id.ndl.go.jp/auth/ndlna/?qw=Johannes%20Rahder&g=personalNames&num=100	0		https://www.wikidata.org/wiki/Q3180775	—
john-c-maher	John C. Maher	active			death_not_established	2026-09-05	https://id.ndl.go.jp/auth/ndlna/?qw=John%20C.%20Maher&g=personalNames&num=100	1	"""John C. Maher"" (obituary OR died OR ""passed away"")"		—
john-kupchik	John Kupchik	active			death_not_established	2026-09-05	https://id.ndl.go.jp/auth/ndlna/?qw=John%20Kupchik&g=personalNames&num=100	0	"""John Kupchik"" (obituary OR died OR ""passed away"")"		—
jose-andres-alonso-de-la-fuente	José Andrés Alonso de la Fuente	active			death_not_established	2026-09-05	https://id.ndl.go.jp/auth/ndlna/?qw=Jos%C3%A9%20Andr%C3%A9s%20Alonso%20de%20la%20Fuente&g=personalNames&num=100	0	"""José Andrés Alonso de la Fuente"" (obituary OR died OR ""passed away"")"		—
josef-kreiner	Josef Kreiner	active			death_not_established	2026-09-05	https://id.ndl.go.jp/auth/ndlna/?qw=Josef%20Kreiner&g=personalNames&num=100	1	"""Josef Kreiner"" (obituary OR died OR ""passed away"")"		—
joseph-m-kitagawa	Joseph M. Kitagawa	active		1992	death_supported	2026-09-05	https://id.ndl.go.jp/auth/ndlna/?qw=Joseph%20M.%20Kitagawa&g=personalNames&num=100	1	"""Joseph M. Kitagawa"" (obituary OR died OR ""passed away"")"	https://id.ndl.go.jp/auth/ndlna/00149116	—
jun-ho-choe	Jun-Ho Choe	active			death_not_established	2026-09-05	https://id.ndl.go.jp/auth/ndlna/?qw=Jun-Ho%20Choe&g=personalNames&num=100	0	"""Jun-Ho Choe"" (obituary OR died OR ""passed away"")"		—
jussi-nurmi	ヌルミ・ユッシ	active			death_not_established	2026-09-05	https://id.ndl.go.jp/auth/ndlna/?qw=%E3%83%8C%E3%83%AB%E3%83%9F%E3%83%BB%E3%83%A6%E3%83%83%E3%82%B7&g=personalNames&num=100	0	"""ヌルミ・ユッシ"" (訃報 OR 死去 OR 逝去 OR 生没年)"		—
justin-r-hunter	Justin R. Hunter	active			death_not_established	2026-09-05	https://id.ndl.go.jp/auth/ndlna/?qw=Justin%20R.%20Hunter&g=personalNames&num=100	0	"""Justin R. Hunter"" (obituary OR died OR ""passed away"")"		—
kagami-akikatsu	鏡味 明克	active			death_not_established	2026-09-05	https://id.ndl.go.jp/auth/ndlna/?qw=%E9%8F%A1%E5%91%B3%E6%98%8E%E5%85%8B&g=personalNames&num=100	1	"""鏡味明克"" (訃報 OR 死去 OR 逝去 OR 生没年)"		—
kaizawa-miwako	貝澤 美和子	active			death_not_established	2026-09-05	https://id.ndl.go.jp/auth/ndlna/?qw=%E8%B2%9D%E6%BE%A4%E7%BE%8E%E5%92%8C%E5%AD%90&g=personalNames&num=100	0	"""貝澤美和子"" (訃報 OR 死去 OR 逝去 OR 生没年)"		—
kaizawa-toru	貝澤徹	active			death_not_established	2026-09-05	https://id.ndl.go.jp/auth/ndlna/?qw=%E8%B2%9D%E6%BE%A4%E5%BE%B9&g=personalNames&num=100	0	"""貝澤徹"" (訃報 OR 死去 OR 逝去 OR 生没年)"		—
kaizawa-turushino	貝澤 とぅるしの	active		1982	death_supported	2026-09-05	https://id.ndl.go.jp/auth/ndlna/?qw=%E8%B2%9D%E6%BE%A4%E3%81%A8%E3%81%85%E3%82%8B%E3%81%97%E3%81%AE&g=personalNames&num=100	0	"""貝澤とぅるしの"" (訃報 OR 死去 OR 逝去 OR 生没年)"	https://nibutani-ainu-museum.com/pdf/ainu_gaiyou.pdf	—
kakurina-natalja	Kakurina Nataļja	active			death_not_established	2026-09-05	https://id.ndl.go.jp/auth/ndlna/?qw=Kakurina%20Nata%C4%BCja&g=personalNames&num=100	0	"""Kakurina Nataļja"" (obituary OR died OR ""passed away"")"		—
kamemaru-yukiko	亀丸由紀子	active			death_not_established	2026-09-05	https://id.ndl.go.jp/auth/ndlna/?qw=%E4%BA%80%E4%B8%B8%E7%94%B1%E7%B4%80%E5%AD%90&g=personalNames&num=100	0	"""亀丸由紀子"" (訃報 OR 死去 OR 逝去 OR 生没年)"		—
kan-wada	和田 完	active	2004	2004	death_supported	2026-09-05	https://id.ndl.go.jp/auth/ndlna/?qw=%E5%92%8C%E7%94%B0%E5%AE%8C&g=personalNames&num=100	2		https://hes.official.jp/images/kaishi_pdf/01/01-09kenkyu_kuwayama.pdf	—
kanako-uzawa	Kanako Uzawa	active			death_not_established	2026-09-05	https://id.ndl.go.jp/auth/ndlna/?qw=Kanako%20Uzawa&g=personalNames&num=100	0	"""Kanako Uzawa"" (obituary OR died OR ""passed away"")"		—
kanaya-eijiro	金谷 栄二郎	active		2001	death_supported	2026-09-05	https://id.ndl.go.jp/auth/ndlna/?qw=%E9%87%91%E8%B0%B7%E6%A0%84%E4%BA%8C%E9%83%8E&g=personalNames&num=100	1	"""金谷栄二郎"" (訃報 OR 死去 OR 逝去 OR 生没年)"	https://lib.city.kitami.lg.jp/facility/gs90km0000000uln-att/fujiyamaharu.pdf	—
kanemaru-tsuguo	金丸 継夫	active			death_not_established	2026-09-05	https://id.ndl.go.jp/auth/ndlna/?qw=%E9%87%91%E4%B8%B8%E7%B6%99%E5%A4%AB&g=personalNames&num=100	0	"""金丸継夫"" (訃報 OR 死去 OR 逝去 OR 生没年)"		—
kannari-matsu	金成 まつ	active	1961	1961	existing_death_matches_wikidata	2026-09-05	https://id.ndl.go.jp/auth/ndlna/?qw=%E9%87%91%E6%88%90%E3%81%BE%E3%81%A4&g=personalNames&num=100	1		https://www.wikidata.org/wiki/Q3148989	—
kanno-yuko	菅野 由布子	active			death_not_established	2026-09-05	https://id.ndl.go.jp/auth/ndlna/?qw=%E8%8F%85%E9%87%8E%E7%94%B1%E5%B8%83%E5%AD%90&g=personalNames&num=100	0	"""菅野由布子"" (訃報 OR 死去 OR 逝去 OR 生没年)"		—
kano-rumiko	加納 ルミ子	active			death_not_established	2026-09-05	https://id.ndl.go.jp/auth/ndlna/?qw=%E5%8A%A0%E7%B4%8D%E3%83%AB%E3%83%9F%E5%AD%90&g=personalNames&num=100	0	"""加納ルミ子"" (訃報 OR 死去 OR 逝去 OR 生没年)"		—
kanzaki-masayoshi	神崎 雅好	active			death_not_established	2026-09-05	https://id.ndl.go.jp/auth/ndlna/?qw=%E7%A5%9E%E5%B4%8E%E9%9B%85%E5%A5%BD&g=personalNames&num=100	0	"""神崎雅好"" (訃報 OR 死去 OR 逝去 OR 生没年)"		—
kasai-takechiyo	葛西 猛千代	active		1951	death_supported	2026-09-05	https://id.ndl.go.jp/auth/ndlna/?qw=%E8%91%9B%E8%A5%BF%E7%8C%9B%E5%8D%83%E4%BB%A3&g=personalNames&num=100	1	"""葛西猛千代"" (訃報 OR 死去 OR 逝去 OR 生没年)"	https://id.ndl.go.jp/auth/ndlna/00027000	—
katarina-sjoberg	Katarina Sjoberg	active			death_not_established	2026-09-05	https://id.ndl.go.jp/auth/ndlna/?qw=Katarina%20Sjoberg&g=personalNames&num=100	0	"""Katarina Sjoberg"" (obituary OR died OR ""passed away"")"		—
katayama-hiroko	片山 弘子	active			death_not_established	2026-09-05	https://id.ndl.go.jp/auth/ndlna/?qw=%E7%89%87%E5%B1%B1%E5%BC%98%E5%AD%90&g=personalNames&num=100	1	"""片山弘子"" (訃報 OR 死去 OR 逝去 OR 生没年)"		—
katayama-tatsumine	片山 龍峯	active		2004	death_supported	2026-09-05	https://id.ndl.go.jp/auth/ndlna/?qw=%E7%89%87%E5%B1%B1%E9%BE%8D%E5%B3%AF&g=personalNames&num=100	1	"""片山龍峯"" (訃報 OR 死去 OR 逝去 OR 生没年)"	https://www.chikumashobo.co.jp/author/5092/	—
kato-daiki	加藤 大樹	active			death_not_established	2026-09-05	https://id.ndl.go.jp/auth/ndlna/?qw=%E5%8A%A0%E8%97%A4%E5%A4%A7%E6%A8%B9&g=personalNames&num=100	2	"""加藤大樹"" (訃報 OR 死去 OR 逝去 OR 生没年)"		—
kato-hyakuichi	加藤 百一	active			death_not_established	2026-09-05	https://id.ndl.go.jp/auth/ndlna/?qw=%E5%8A%A0%E8%97%A4%E7%99%BE%E4%B8%80&g=personalNames&num=100	1	"""加藤百一"" (訃報 OR 死去 OR 逝去 OR 生没年)"		—
kato-masaru	加藤克	active			death_not_established	2026-09-05	https://id.ndl.go.jp/auth/ndlna/?qw=%E5%8A%A0%E8%97%A4%E5%85%8B&g=personalNames&num=100	15	"""加藤克"" (訃報 OR 死去 OR 逝去 OR 生没年)"		—
kato-tetsusaburo	加藤 鉄三郎	active			death_not_established	2026-09-05	https://id.ndl.go.jp/auth/ndlna/?qw=%E5%8A%A0%E8%97%A4%E9%89%84%E4%B8%89%E9%83%8E&g=personalNames&num=100	1	"""加藤鉄三郎"" (訃報 OR 死去 OR 逝去 OR 生没年)"		—
kawai-raseki	河合 裸石	active	1941	1941	existing_death_matches_wikidata	2026-09-05	https://id.ndl.go.jp/auth/ndlna/?qw=%E6%B2%B3%E5%90%88%E8%A3%B8%E7%9F%B3&g=personalNames&num=100	1		https://www.wikidata.org/wiki/Q126006923	—
kawakami-jun	川上 淳	active			death_not_established	2026-09-05	https://id.ndl.go.jp/auth/ndlna/?qw=%E5%B7%9D%E4%B8%8A%E6%B7%B3&g=personalNames&num=100	4	"""川上淳"" (訃報 OR 死去 OR 逝去 OR 生没年)"		—
kawakami-matsuko	川上 まつ子	active	1988	1988	death_supported	2026-09-05	https://id.ndl.go.jp/auth/ndlna/?qw=%E5%B7%9D%E4%B8%8A%E3%81%BE%E3%81%A4%E5%AD%90&g=personalNames&num=100	1		https://www.hm.pref.hokkaido.lg.jp/wp-content/uploads/2025/01/bulletin_ACRC_vol6_02_p051_059.pdf	—
kawakami-megumi	川上 恵	active			death_not_established	2026-09-05	https://id.ndl.go.jp/auth/ndlna/?qw=%E5%B7%9D%E4%B8%8A%E6%81%B5&g=personalNames&num=100	5	"""川上恵"" (訃報 OR 死去 OR 逝去 OR 生没年)"		—
kawakami-yoko	川上 容子	active			death_not_established	2026-09-05	https://id.ndl.go.jp/auth/ndlna/?qw=%E5%B7%9D%E4%B8%8A%E5%AE%B9%E5%AD%90&g=personalNames&num=100	0	"""川上容子"" (訃報 OR 死去 OR 逝去 OR 生没年)"		—
kawakami-yuji	川上 勇治	active	2004	2004	death_supported	2026-09-05	https://id.ndl.go.jp/auth/ndlna/?qw=%E5%B7%9D%E4%B8%8A%E5%8B%87%E6%B2%BB&g=personalNames&num=100	1		https://akarenga-exhibitionguide.pref.hokkaido.lg.jp/archives/predecessors/45/	—
kawamura-minato	川村 湊	active			death_not_established	2026-09-05	https://id.ndl.go.jp/auth/ndlna/?qw=%E5%B7%9D%E6%9D%91%E6%B9%8A&g=personalNames&num=100	1	"""川村湊"" (訃報 OR 死去 OR 逝去 OR 生没年)"		—
kayano-shigeru	萱野 茂	active	2006	2006	existing_death_matches_wikidata	2026-09-05	https://id.ndl.go.jp/auth/ndlna/?qw=%E8%90%B1%E9%87%8E%E8%8C%82&g=personalNames&num=100	1		https://www.wikidata.org/wiki/Q290222	—
kayano-shiro	萱野 志朗	active			death_not_established	2026-09-05	https://id.ndl.go.jp/auth/ndlna/?qw=%E8%90%B1%E9%87%8E%E5%BF%97%E6%9C%97&g=personalNames&num=100	1	"""萱野志朗"" (訃報 OR 死去 OR 逝去 OR 生没年)"		—
kazama-shinjiro	風間 伸次郎	active			death_not_established	2026-09-05	https://id.ndl.go.jp/auth/ndlna/?qw=%E9%A2%A8%E9%96%93%E4%BC%B8%E6%AC%A1%E9%83%8E&g=personalNames&num=100	1	"""風間伸次郎"" (訃報 OR 死去 OR 逝去 OR 生没年)"		—
kazuyuki-tanimoto	谷本 一之	active	2009	2009	existing_death_matches_wikidata	2026-09-05	https://id.ndl.go.jp/auth/ndlna/?qw=%E8%B0%B7%E6%9C%AC%E4%B8%80%E4%B9%8B&g=personalNames&num=100	1		https://www.wikidata.org/wiki/Q11632936	—
keci	ケチ	active			death_not_established	2026-09-05	https://id.ndl.go.jp/auth/ndlna/?qw=%E3%82%B1%E3%83%81&g=personalNames&num=100	0	"""ケチ"" (訃報 OR 死去 OR 逝去 OR 生没年)"		—
keira-mitsunori	計良 光範	active	2015	2015	death_supported	2026-09-05	https://id.ndl.go.jp/auth/ndlna/?qw=%E8%A8%88%E8%89%AF%E5%85%89%E7%AF%84&g=personalNames&num=100	1		https://minami13.blog.fc2.com/blog-entry-1970.html	—
keira-tomoko	計良 智子	active	2016	2016	existing_death_matches_wikidata	2026-09-05	https://id.ndl.go.jp/auth/ndlna/?qw=%E8%A8%88%E8%89%AF%E6%99%BA%E5%AD%90&g=personalNames&num=100	1		https://www.wikidata.org/wiki/Q124738260	—
kenji-araki	荒木健治	active			death_not_established	2026-09-05	https://id.ndl.go.jp/auth/ndlna/?qw=%E8%8D%92%E6%9C%A8%E5%81%A5%E6%B2%BB&g=personalNames&num=100	1	"""荒木健治"" (訃報 OR 死去 OR 逝去 OR 生没年)"		—
kido-shirabe	木戸 調	active			death_not_established	2026-09-05	https://id.ndl.go.jp/auth/ndlna/?qw=%E6%9C%A8%E6%88%B8%E8%AA%BF&g=personalNames&num=100	0	"""木戸調"" (訃報 OR 死去 OR 逝去 OR 生没年)"		—
kimura-jun	木村 純	active			death_not_established	2026-09-05	https://id.ndl.go.jp/auth/ndlna/?qw=%E6%9C%A8%E6%9D%91%E7%B4%94&g=personalNames&num=100	14	"""木村純"" (訃報 OR 死去 OR 逝去 OR 生没年)"		—
kimura-kimi	木村 きみ	active	1988	1988	death_supported	2026-09-05	https://id.ndl.go.jp/auth/ndlna/?qw=%E6%9C%A8%E6%9D%91%E3%81%8D%E3%81%BF&g=personalNames&num=100	2		https://www.ff-ainu.or.jp/about/files/H24%E8%AC%9B%E6%BC%94%E4%BC%9A%E3%80%80%E8%AC%9B%E6%BC%94%E9%8C%B2%EF%BC%88%E6%9C%AD%E5%B9%8C%EF%BC%89%E4%B8%AD%E5%B7%9D%E8%A3%95.pdf	—
kimura-rino	木村 梨乃	active			death_not_established	2026-09-05	https://id.ndl.go.jp/auth/ndlna/?qw=%E6%9C%A8%E6%9D%91%E6%A2%A8%E4%B9%83&g=personalNames&num=100	0	"""木村梨乃"" (訃報 OR 死去 OR 逝去 OR 生没年)"		—
kimura-taeko	木村 多栄子	active			death_not_established	2026-09-05	https://id.ndl.go.jp/auth/ndlna/?qw=%E6%9C%A8%E6%9D%91%E5%A4%9A%E6%A0%84%E5%AD%90&g=personalNames&num=100	0	"""木村多栄子"" (訃報 OR 死去 OR 逝去 OR 生没年)"		—
kindaichi-kyosuke	金田一 京助	active	1971	1971	existing_death_matches_wikidata	2026-09-05	https://id.ndl.go.jp/auth/ndlna/?qw=%E9%87%91%E7%94%B0%E4%B8%80%E4%BA%AC%E5%8A%A9&g=personalNames&num=100	1		https://www.wikidata.org/wiki/Q1036885	—
kinoshita-junji	木下 順二	active	2006	2006	existing_death_matches_wikidata	2026-09-05	https://id.ndl.go.jp/auth/ndlna/?qw=%E6%9C%A8%E4%B8%8B%E9%A0%86%E4%BA%8C&g=personalNames&num=100	3		https://www.wikidata.org/wiki/Q552579	—
kirikae-hideo	切替 英雄	active		2021	death_supported	2026-09-05	https://id.ndl.go.jp/auth/ndlna/?qw=%E5%88%87%E6%9B%BF%E8%8B%B1%E9%9B%84&g=personalNames&num=100	1	"""切替英雄"" (訃報 OR 死去 OR 逝去 OR 生没年)"	https://doi.org/10.1163/25898833-12340047	—
kirsten-refsing	Kirsten Refsing	active		2023	death_supported	2026-09-05	https://id.ndl.go.jp/auth/ndlna/?qw=Kirsten%20Refsing&g=personalNames&num=100	1	"""Kirsten Refsing"" (obituary OR died OR ""passed away"")"	https://pressto.amu.edu.pl/index.php/linpo/article/view/46190	—
kirsten-yumiko-taguchi	Kirsten Yumiko Taguchi	active			death_not_established	2026-09-05	https://id.ndl.go.jp/auth/ndlna/?qw=Kirsten%20Yumiko%20Taguchi&g=personalNames&num=100	0	"""Kirsten Yumiko Taguchi"" (obituary OR died OR ""passed away"")"		—
kishimoto-suigetsu	岸本 翠月	active		1979	death_supported	2026-09-05	https://id.ndl.go.jp/auth/ndlna/?qw=%E5%B2%B8%E6%9C%AC%E7%BF%A0%E6%9C%88&g=personalNames&num=100	1	"""岸本翠月"" (訃報 OR 死去 OR 逝去 OR 生没年)"	https://id.ndl.go.jp/auth/ndlna/00031847	—
kishimoto-yoshihisa	岸本 宜久	active			death_not_established	2026-09-05	https://id.ndl.go.jp/auth/ndlna/?qw=%E5%B2%B8%E6%9C%AC%E5%AE%9C%E4%B9%85&g=personalNames&num=100	0	"""岸本宜久"" (訃報 OR 死去 OR 逝去 OR 生没年)"		—
kita-sadakichi	喜田 貞吉	active	1939	1939	existing_death_matches_wikidata	2026-09-05	https://id.ndl.go.jp/auth/ndlna/?qw=%E5%96%9C%E7%94%B0%E8%B2%9E%E5%90%89&g=personalNames&num=100	1		https://www.wikidata.org/wiki/Q11419225	—
kitakaze-isokichi	北風 磯吉	active		1969	death_supported	2026-09-05	https://id.ndl.go.jp/auth/ndlna/?qw=%E5%8C%97%E9%A2%A8%E7%A3%AF%E5%90%89&g=personalNames&num=100	0	"""北風磯吉"" (訃報 OR 死去 OR 逝去 OR 生没年)"	https://kotobank.jp/word/北風磯吉-1069251	—
kiyono-kenji	清野 謙次	active	1955	1955	existing_death_matches_wikidata	2026-09-05	https://id.ndl.go.jp/auth/ndlna/?qw=%E6%B8%85%E9%87%8E%E8%AC%99%E6%AC%A1&g=personalNames&num=100	1		https://www.wikidata.org/wiki/Q11561436	—
kiyoteru-tsutsui	Kiyoteru Tsutsui	active			death_not_established	2026-09-05	https://id.ndl.go.jp/auth/ndlna/?qw=Kiyoteru%20Tsutsui&g=personalNames&num=100	1	"""Kiyoteru Tsutsui"" (obituary OR died OR ""passed away"")"		—
klara-chuda	フダー・クラーラ	active			death_not_established	2026-09-05	https://id.ndl.go.jp/auth/ndlna/?qw=%E3%83%95%E3%83%80%E3%83%BC%E3%83%BB%E3%82%AF%E3%83%A9%E3%83%BC%E3%83%A9&g=personalNames&num=100	0	"""フダー・クラーラ"" (訃報 OR 死去 OR 逝去 OR 生没年)"		—
kobayashi-koji	小林 孝二	active			death_not_established	2026-09-05	https://id.ndl.go.jp/auth/ndlna/?qw=%E5%B0%8F%E6%9E%97%E5%AD%9D%E4%BA%8C&g=personalNames&num=100	1	"""小林孝二"" (訃報 OR 死去 OR 逝去 OR 生没年)"		—
kobayashi-masao	小林 正雄	active			death_unconfirmed_identity_review	2026-09-05	https://id.ndl.go.jp/auth/ndlna/?qw=%E5%B0%8F%E6%9E%97%E6%AD%A3%E9%9B%84&g=personalNames&num=100	9	"""小林正雄"" (訃報 OR 死去 OR 逝去 OR 生没年)"		NDL00033225の郷土史家（1916年生）。1893–1969年の同名人物と区別。
kobayashi-miki	小林 美紀	active			death_not_established	2026-09-05	https://id.ndl.go.jp/auth/ndlna/?qw=%E5%B0%8F%E6%9E%97%E7%BE%8E%E7%B4%80&g=personalNames&num=100	4	"""小林美紀"" (訃報 OR 死去 OR 逝去 OR 生没年)"		—
kochi-rie	甲地 利恵	active			death_not_established	2026-09-05	https://id.ndl.go.jp/auth/ndlna/?qw=%E7%94%B2%E5%9C%B0%E5%88%A9%E6%81%B5&g=personalNames&num=100	1	"""甲地利恵"" (訃報 OR 死去 OR 逝去 OR 生没年)"		—
kohama-mototsugu	小浜 基次	active		1970	death_supported	2026-09-05	https://id.ndl.go.jp/auth/ndlna/?qw=%E5%B0%8F%E6%B5%9C%E5%9F%BA%E6%AC%A1&g=personalNames&num=100	1	"""小浜基次"" (訃報 OR 死去 OR 逝去 OR 生没年)"	https://id.ndl.go.jp/auth/ndlna/00755353	—
kohei-matsuura	Kohei Matsuura	active			death_not_established	2026-09-05	https://id.ndl.go.jp/auth/ndlna/?qw=Kohei%20Matsuura&g=personalNames&num=100	1	"""Kohei Matsuura"" (obituary OR died OR ""passed away"")"		—
koji-maeda	前田 耕司	active			death_not_established	2026-09-05	https://id.ndl.go.jp/auth/ndlna/?qw=%E5%89%8D%E7%94%B0%E8%80%95%E5%8F%B8&g=personalNames&num=100	1	"""前田耕司"" (訃報 OR 死去 OR 逝去 OR 生没年)"		—
koji-tochinai	栃内 香次	active			death_not_established	2026-09-05	https://id.ndl.go.jp/auth/ndlna/?qw=%E6%A0%83%E5%86%85%E9%A6%99%E6%AC%A1&g=personalNames&num=100	1	"""栃内香次"" (訃報 OR 死去 OR 逝去 OR 生没年)"		—
kojima-kyoko	児島 恭子	active			death_not_established	2026-09-05	https://id.ndl.go.jp/auth/ndlna/?qw=%E5%85%90%E5%B3%B6%E6%81%AD%E5%AD%90&g=personalNames&num=100	1	"""児島恭子"" (訃報 OR 死去 OR 逝去 OR 生没年)"		—
komatsu-kazuhiro	小松 和弘	active			death_not_established	2026-09-05	https://id.ndl.go.jp/auth/ndlna/?qw=%E5%B0%8F%E6%9D%BE%E5%92%8C%E5%BC%98&g=personalNames&num=100	1	"""小松和弘"" (訃報 OR 死去 OR 逝去 OR 生没年)"		—
komatsu-tetsuro	小松 哲郎	active			death_not_established	2026-09-05	https://id.ndl.go.jp/auth/ndlna/?qw=%E5%B0%8F%E6%9D%BE%E5%93%B2%E9%83%8E&g=personalNames&num=100	2	"""小松哲郎"" (訃報 OR 死去 OR 逝去 OR 生没年)"		—
kondo-kyojiro	近藤 鏡二郎	active	1975	1975	existing_death_matches_wikidata	2026-09-05	https://id.ndl.go.jp/auth/ndlna/?qw=%E8%BF%91%E8%97%A4%E9%8F%A1%E4%BA%8C%E9%83%8E&g=personalNames&num=100	1		https://www.wikidata.org/wiki/Q134509016	—
kondo-shiro	近藤 四郎	active	2003	2003	existing_death_matches_wikidata	2026-09-05	https://id.ndl.go.jp/auth/ndlna/?qw=%E8%BF%91%E8%97%A4%E5%9B%9B%E9%83%8E&g=personalNames&num=100	4		https://www.wikidata.org/wiki/Q24445162	—
kono-hiromichi	河野 広道	active	1963	1963	existing_death_matches_wikidata	2026-09-05	https://id.ndl.go.jp/auth/ndlna/?qw=%E6%B2%B3%E9%87%8E%E5%BA%83%E9%81%93&g=personalNames&num=100	1		https://www.wikidata.org/wiki/Q5770576	—
kono-motomichi	河野 本道	active	2015	2015	existing_death_matches_wikidata	2026-09-05	https://id.ndl.go.jp/auth/ndlna/?qw=%E6%B2%B3%E9%87%8E%E6%9C%AC%E9%81%93&g=personalNames&num=100	1		https://www.wikidata.org/wiki/Q11554218	—
kono-tsunekichi	河野 常吉	active	1930	1930	existing_death_matches_wikidata	2026-09-05	https://id.ndl.go.jp/auth/ndlna/?qw=%E6%B2%B3%E9%87%8E%E5%B8%B8%E5%90%89&g=personalNames&num=100	1		https://www.wikidata.org/wiki/Q11554192	—
kosaka-yosuke	小坂 洋右	active			death_not_established	2026-09-05	https://id.ndl.go.jp/auth/ndlna/?qw=%E5%B0%8F%E5%9D%82%E6%B4%8B%E5%8F%B3&g=personalNames&num=100	1	"""小坂洋右"" (訃報 OR 死去 OR 逝去 OR 生没年)"		—
koyama-shohei	小山 正平	active			death_not_established	2026-09-05	https://id.ndl.go.jp/auth/ndlna/?qw=%E5%B0%8F%E5%B1%B1%E6%AD%A3%E5%B9%B3&g=personalNames&num=100	1	"""小山正平"" (訃報 OR 死去 OR 逝去 OR 生没年)"		—
kruzenshtern-ivan-fedorovich-1770-1846	Kruzenshtern, Ivan Fedorovich, 1770-1846	active		1846	death_supported	2026-09-05	https://id.ndl.go.jp/auth/ndlna/?qw=Kruzenshtern%2C%20Ivan%20Fedorovich%2C%201770-1846&g=personalNames&num=100	1	"""Kruzenshtern, Ivan Fedorovich, 1770-1846"" (obituary OR died OR ""passed away"")"	https://id.ndl.go.jp/auth/ndlna/00446425	—
kubodera-itsuhiko	久保寺 逸彦	active	1971	1971	existing_death_matches_wikidata	2026-09-05	https://id.ndl.go.jp/auth/ndlna/?qw=%E4%B9%85%E4%BF%9D%E5%AF%BA%E9%80%B8%E5%BD%A6&g=personalNames&num=100	1		https://www.wikidata.org/wiki/Q11368989	—
kudo-masaki	工藤 雅樹	active	2010	2010	existing_death_matches_wikidata	2026-09-05	https://id.ndl.go.jp/auth/ndlna/?qw=%E5%B7%A5%E8%97%A4%E9%9B%85%E6%A8%B9&g=personalNames&num=100	1		https://www.wikidata.org/wiki/Q11479643	—
kumagai-kane	熊谷 カネ	active			death_not_established	2026-09-05	https://id.ndl.go.jp/auth/ndlna/?qw=%E7%86%8A%E8%B0%B7%E3%82%AB%E3%83%8D&g=personalNames&num=100	1	"""熊谷カネ"" (訃報 OR 死去 OR 逝去 OR 生没年)"		—
kunen	空念	active		1731	death_supported	2026-09-05	https://id.ndl.go.jp/auth/ndlna/?qw=%E7%A9%BA%E5%BF%B5&g=personalNames&num=100	2	"""空念"" (訃報 OR 死去 OR 逝去 OR 生没年)"	https://id.ndl.go.jp/auth/ndlna/01230875	—
kurokawa-teshime	黒川 てしめ	active		1973	death_supported	2026-09-05	https://id.ndl.go.jp/auth/ndlna/?qw=%E9%BB%92%E5%B7%9D%E3%81%A6%E3%81%97%E3%82%81&g=personalNames&num=100	0	"""黒川てしめ"" (訃報 OR 死去 OR 逝去 OR 生没年)"	https://eprints.lib.hokudai.ac.jp/dspace/bitstream/2115/73701/1/Tangiku20181106.pdf	—
kuwabayashi-kenji	桑林 賢治	active			death_not_established	2026-09-05	https://id.ndl.go.jp/auth/ndlna/?qw=%E6%A1%91%E6%9E%97%E8%B3%A2%E6%B2%BB&g=personalNames&num=100	0	"""桑林賢治"" (訃報 OR 死去 OR 逝去 OR 生没年)"		—
kuwanno	クワンノ	active			death_not_established	2026-09-05	https://id.ndl.go.jp/auth/ndlna/?qw=%E3%82%AF%E3%83%AF%E3%83%B3%E3%83%8E&g=personalNames&num=100	0	"""クワンノ"" (訃報 OR 死去 OR 逝去 OR 生没年)"		—
kuzuno-daiki	葛野 大喜	active			death_not_established	2026-09-05	https://id.ndl.go.jp/auth/ndlna/?qw=%E8%91%9B%E9%87%8E%E5%A4%A7%E5%96%9C&g=personalNames&num=100	0	"""葛野大喜"" (訃報 OR 死去 OR 逝去 OR 生没年)"		—
kuzuno-tatsujiro	葛野 辰次郎	active	2002	2002	existing_death_matches_wikidata	2026-09-05	https://id.ndl.go.jp/auth/ndlna/?qw=%E8%91%9B%E9%87%8E%E8%BE%B0%E6%AC%A1%E9%83%8E&g=personalNames&num=100	1		https://www.wikidata.org/wiki/Q11621028	—
kuzuno-tsugio	葛野 次雄	active			death_not_established	2026-09-05	https://id.ndl.go.jp/auth/ndlna/?qw=%E8%91%9B%E9%87%8E%E6%AC%A1%E9%9B%84&g=personalNames&num=100	0	"""葛野次雄"" (訃報 OR 死去 OR 逝去 OR 生没年)"		—
kylie-martin	Kylie Martin	active			death_not_established	2026-09-05	https://id.ndl.go.jp/auth/ndlna/?qw=Kylie%20Martin&g=personalNames&num=100	0	"""Kylie Martin"" (obituary OR died OR ""passed away"")"		—
kyoko-selden	Kyoko Selden	active		2013	death_supported	2026-09-05	https://id.ndl.go.jp/auth/ndlna/?qw=Kyoko%20Selden&g=personalNames&num=100	2	"""Kyoko Selden"" (obituary OR died OR ""passed away"")"	https://id.ndl.go.jp/auth/ndlna/00456058	—
loanwordbank-contributors	Loanwordbank contributors	active			death_not_established	2026-09-05	https://id.ndl.go.jp/auth/ndlna/?qw=Loanwordbank%20contributors&g=personalNames&num=100	0	"""Loanwordbank contributors"" (obituary OR died OR ""passed away"")"		—
m-m	M.M. ドブロトゥヴォールスキー	active		1874	death_supported	2026-09-05	https://id.ndl.go.jp/auth/ndlna/?qw=M.M.%20%E3%83%89%E3%83%96%E3%83%AD%E3%83%88%E3%82%A5%E3%83%B4%E3%82%A9%E3%83%BC%E3%83%AB%E3%82%B9%E3%82%AD%E3%83%BC&g=personalNames&num=100	0	"""M.M.ドブロトゥヴォールスキー"" (訃報 OR 死去 OR 逝去 OR 生没年)"	https://sakh-virtualmuseum.ru/dobrotvorskiy-mikhail-mikhaylovich	—
m-m-dobrotvorskii	M.M. Dobrotvorskii	active		1874	death_supported	2026-09-05	https://id.ndl.go.jp/auth/ndlna/?qw=M.M.%20Dobrotvorskii&g=personalNames&num=100	0	"""M.M. Dobrotvorskii"" (obituary OR died OR ""passed away"")"	https://sakh-virtualmuseum.ru/dobrotvorskiy-mikhail-mikhaylovich	—
ma-changcheng	馬 長城	active			death_not_established	2026-09-05	https://id.ndl.go.jp/auth/ndlna/?qw=%E9%A6%AC%E9%95%B7%E5%9F%8E&g=personalNames&num=100	0	"""馬長城"" (訃報 OR 死去 OR 逝去 OR 生没年)"		—
mae-masanao	前 正七生	active			death_not_established	2026-09-05	https://id.ndl.go.jp/auth/ndlna/?qw=%E5%89%8D%E6%AD%A3%E4%B8%83%E7%94%9F&g=personalNames&num=100	0	"""前正七生"" (訃報 OR 死去 OR 逝去 OR 生没年)"		—
maeda-manami	前田 愛美	active			death_not_established	2026-09-05	https://id.ndl.go.jp/auth/ndlna/?qw=%E5%89%8D%E7%94%B0%E6%84%9B%E7%BE%8E&g=personalNames&num=100	0	"""前田愛美"" (訃報 OR 死去 OR 逝去 OR 生没年)"		—
maekawa-fumio	前川文夫	active	1984	1984	existing_death_matches_wikidata	2026-09-05	https://id.ndl.go.jp/auth/ndlna/?qw=%E5%89%8D%E5%B7%9D%E6%96%87%E5%A4%AB&g=personalNames&num=100	2		https://www.wikidata.org/wiki/Q8963054	—
magata-tokumatsu	間方 徳松	active			death_not_established	2026-09-05	https://id.ndl.go.jp/auth/ndlna/?qw=%E9%96%93%E6%96%B9%E5%BE%B3%E6%9D%BE&g=personalNames&num=100	1	"""間方徳松"" (訃報 OR 死去 OR 逝去 OR 生没年)"		—
mara-miller	Mara Miller	active			death_not_established	2026-09-05	https://id.ndl.go.jp/auth/ndlna/?qw=Mara%20Miller&g=personalNames&num=100	0	"""Mara Miller"" (obituary OR died OR ""passed away"")"		—
mark-j-hudson	Mark J. Hudson	active			death_not_established	2026-09-05	https://id.ndl.go.jp/auth/ndlna/?qw=Mark%20J.%20Hudson&g=personalNames&num=100	1	"""Mark J. Hudson"" (obituary OR died OR ""passed away"")"		—
mark-k-watson	Mark K. Watson	active			death_not_established	2026-09-05	https://id.ndl.go.jp/auth/ndlna/?qw=Mark%20K.%20Watson&g=personalNames&num=100	0	"""Mark K. Watson"" (obituary OR died OR ""passed away"")"		—
mark-winchester	Mark Winchester	active			death_not_established	2026-09-05	https://id.ndl.go.jp/auth/ndlna/?qw=Mark%20Winchester&g=personalNames&num=100	1	"""Mark Winchester"" (obituary OR died OR ""passed away"")"		—
maruno-kazuko	丸野 和子	active			death_not_established	2026-09-05	https://id.ndl.go.jp/auth/ndlna/?qw=%E4%B8%B8%E9%87%8E%E5%92%8C%E5%AD%90&g=personalNames&num=100	0	"""丸野和子"" (訃報 OR 死去 OR 逝去 OR 生没年)"		—
maruyama-hiroshi	丸山 博	active			death_unconfirmed_identity_review	2026-09-05	https://id.ndl.go.jp/auth/ndlna/?qw=%E4%B8%B8%E5%B1%B1%E5%8D%9A&g=personalNames&num=100	15	"""丸山博"" (訃報 OR 死去 OR 逝去 OR 生没年)"		先住民族の権利の研究者。1909–1996年の同名衛生学者と区別。
masafumi-sakakihara	Masafumi Sakakihara	active			death_not_established	2026-09-05	https://id.ndl.go.jp/auth/ndlna/?qw=Masafumi%20Sakakihara&g=personalNames&num=100	1	"""Masafumi Sakakihara"" (obituary OR died OR ""passed away"")"		—
masato-mimura	Masato Mimura	active			death_not_established	2026-09-05	https://id.ndl.go.jp/auth/ndlna/?qw=Masato%20Mimura&g=personalNames&num=100	2	"""Masato Mimura"" (obituary OR died OR ""passed away"")"		—
masayuki-ueno	上野 昌之	active			death_not_established	2026-09-05	https://id.ndl.go.jp/auth/ndlna/?qw=%E4%B8%8A%E9%87%8E%E6%98%8C%E4%B9%8B&g=personalNames&num=100	1	"""上野昌之"" (訃報 OR 死去 OR 逝去 OR 生没年)"		—
masui-fumito	桝井 文人	active			death_not_established	2026-09-05	https://id.ndl.go.jp/auth/ndlna/?qw=%E6%A1%9D%E4%BA%95%E6%96%87%E4%BA%BA&g=personalNames&num=100	0	"""桝井文人"" (訃報 OR 死去 OR 逝去 OR 生没年)"		—
mathieu-eric	Mathieu Éric	active			death_not_established	2026-09-05	https://id.ndl.go.jp/auth/ndlna/?qw=Mathieu%20%C3%89ric&g=personalNames&num=100	0	"""Mathieu Éric"" (obituary OR died OR ""passed away"")"		—
matsui-tsuneyuki	松井 恒幸	active		1982	death_supported	2026-09-05	https://id.ndl.go.jp/auth/ndlna/?qw=%E6%9D%BE%E4%BA%95%E6%81%92%E5%B9%B8&g=personalNames&num=100	1	"""松井恒幸"" (訃報 OR 死去 OR 逝去 OR 生没年)"	https://id.ndl.go.jp/auth/ndlna/00103410	—
matsuki-akira	松木 明	active	1981	1981	existing_death_matches_wikidata	2026-09-05	https://id.ndl.go.jp/auth/ndlna/?qw=%E6%9D%BE%E6%9C%A8%E6%98%8E&g=personalNames&num=100	3		https://www.wikidata.org/wiki/Q30608995	—
matsumiya-kanzan	松宮 観山	active	1780	1780	existing_death_matches_wikidata	2026-09-05	https://id.ndl.go.jp/auth/ndlna/?qw=%E6%9D%BE%E5%AE%AE%E8%A6%B3%E5%B1%B1&g=personalNames&num=100	1		https://www.wikidata.org/wiki/Q6564980	—
matsumoto-narumi	松本 成美	active			death_not_established	2026-09-05	https://id.ndl.go.jp/auth/ndlna/?qw=%E6%9D%BE%E6%9C%AC%E6%88%90%E7%BE%8E&g=personalNames&num=100	1	"""松本成美"" (訃報 OR 死去 OR 逝去 OR 生没年)"		—
matsuna-takashi	松名 隆	active			death_not_established	2026-09-05	https://id.ndl.go.jp/auth/ndlna/?qw=%E6%9D%BE%E5%90%8D%E9%9A%86&g=personalNames&num=100	1	"""松名隆"" (訃報 OR 死去 OR 逝去 OR 生没年)"		—
matsunaga-yasuhiro	松永 康佑	active			death_not_established	2026-09-05	https://id.ndl.go.jp/auth/ndlna/?qw=%E6%9D%BE%E6%B0%B8%E5%BA%B7%E4%BD%91&g=personalNames&num=100	2	"""松永康佑"" (訃報 OR 死去 OR 逝去 OR 生没年)"		—
matsuno-ayaka	松野 綾香	active			death_not_established	2026-09-05	https://id.ndl.go.jp/auth/ndlna/?qw=%E6%9D%BE%E9%87%8E%E7%B6%BE%E9%A6%99&g=personalNames&num=100	0	"""松野綾香"" (訃報 OR 死去 OR 逝去 OR 生没年)"		—
matsushima-tomi	松島 トミ	active	2010	2010	death_supported	2026-09-05	https://id.ndl.go.jp/auth/ndlna/?qw=%E6%9D%BE%E5%B3%B6%E3%83%88%E3%83%9F&g=personalNames&num=100	1		https://www.hm.pref.hokkaido.lg.jp/wp-content/uploads/2022/04/bulletin_ACRC_vol7_03_p041_050.pdf	—
matsuura-kohei-et-al	Matsuura Kohei et al	active			death_not_established	2026-09-05	https://id.ndl.go.jp/auth/ndlna/?qw=Matsuura%20Kohei%20et%20al&g=personalNames&num=100	0	"""Matsuura Kohei et al"" (obituary OR died OR ""passed away"")"		—
matsuura-takeshiro	松浦 武四郎	active	1888	1888	existing_death_matches_wikidata	2026-09-05	https://id.ndl.go.jp/auth/ndlna/?qw=%E6%9D%BE%E6%B5%A6%E6%AD%A6%E5%9B%9B%E9%83%8E&g=personalNames&num=100	1		https://www.wikidata.org/wiki/Q11531839	—
matsuyoshi-sadao	松好 貞夫	active	1982	1982	existing_death_matches_wikidata	2026-09-05	https://id.ndl.go.jp/auth/ndlna/?qw=%E6%9D%BE%E5%A5%BD%E8%B2%9E%E5%A4%AB&g=personalNames&num=100	1		https://www.wikidata.org/wiki/Q11529524	—
mayumi-okada	Mayumi Okada	active			death_not_established	2026-09-05	https://id.ndl.go.jp/auth/ndlna/?qw=Mayumi%20Okada&g=personalNames&num=100	6	"""Mayumi Okada"" (obituary OR died OR ""passed away"")"		—
mega-junya	女鹿 潤哉	active			death_not_established	2026-09-05	https://id.ndl.go.jp/auth/ndlna/?qw=%E5%A5%B3%E9%B9%BF%E6%BD%A4%E5%93%89&g=personalNames&num=100	0	"""女鹿潤哉"" (訃報 OR 死去 OR 逝去 OR 生没年)"		—
micha-ptaszynski	Michał Ptaszyński	active			death_not_established	2026-09-05	https://id.ndl.go.jp/auth/ndlna/?qw=Micha%C5%82%20Ptaszy%C5%84ski&g=personalNames&num=100	1	"""Michał Ptaszyński"" (obituary OR died OR ""passed away"")"		—
michael-roellinghoff	Michael Roellinghoff	active			death_not_established	2026-09-05	https://id.ndl.go.jp/auth/ndlna/?qw=Michael%20Roellinghoff&g=personalNames&num=100	0	"""Michael Roellinghoff"" (obituary OR died OR ""passed away"")"		—
michele-m-mason	Michele M. Mason	active			death_not_established	2026-09-05	https://id.ndl.go.jp/auth/ndlna/?qw=Michele%20M.%20Mason&g=personalNames&num=100	0	"""Michele M. Mason"" (obituary OR died OR ""passed away"")"		—
mike-wright	Mike Wright	active			death_not_established	2026-09-05	https://id.ndl.go.jp/auth/ndlna/?qw=Mike%20Wright&g=personalNames&num=100	0	"""Mike Wright"" (obituary OR died OR ""passed away"")"		—
mikhail-mikhailovich-dobrotvorsky	Mikhail Mikhailovich Dobrotvorsky	active		1874	death_supported	2026-09-05	https://id.ndl.go.jp/auth/ndlna/?qw=Mikhail%20Mikhailovich%20Dobrotvorsky&g=personalNames&num=100	0	"""Mikhail Mikhailovich Dobrotvorsky"" (obituary OR died OR ""passed away"")"	https://sakh-virtualmuseum.ru/dobrotvorskiy-mikhail-mikhaylovich	—
miki-masafumi	三木 理史	active			death_not_established	2026-09-05	https://id.ndl.go.jp/auth/ndlna/?qw=%E4%B8%89%E6%9C%A8%E7%90%86%E5%8F%B2&g=personalNames&num=100	1	"""三木理史"" (訃報 OR 死去 OR 逝去 OR 生没年)"		—
mikiso-hane	Mikiso Hane	active		2003	death_supported	2026-09-05	https://id.ndl.go.jp/auth/ndlna/?qw=Mikiso%20Hane&g=personalNames&num=100	1	"""Mikiso Hane"" (obituary OR died OR ""passed away"")"	https://www.tributearchive.com/obituaries/16069452	—
minako-sakata	坂田 美奈子	active			death_not_established	2026-09-05	https://id.ndl.go.jp/auth/ndlna/?qw=%E5%9D%82%E7%94%B0%E7%BE%8E%E5%A5%88%E5%AD%90&g=personalNames&num=100	1	"""坂田美奈子"" (訃報 OR 死去 OR 逝去 OR 生没年)"		—
minami-noriyuki	南 哲行	active			death_not_established	2026-09-05	https://id.ndl.go.jp/auth/ndlna/?qw=%E5%8D%97%E5%93%B2%E8%A1%8C&g=personalNames&num=100	1	"""南哲行"" (訃報 OR 死去 OR 逝去 OR 生没年)"		—
mitsuru-ota	太田 満	active		2020	death_supported	2026-09-05	https://id.ndl.go.jp/auth/ndlna/?qw=%E5%A4%AA%E7%94%B0%E6%BA%80&g=personalNames&num=100	8	"""太田満"" (訃報 OR 死去 OR 逝去 OR 生没年)"	https://eprints.lib.hokudai.ac.jp/repo/huscap/all/87707/Mitsuru%20Oota_Japanese-Ainu%20Dictionary%28Draft%20Ver.%29_.pdf	—
miyabe-kingo	宮部金吾	active	1951	1951	existing_death_matches_wikidata	2026-09-05	https://id.ndl.go.jp/auth/ndlna/?qw=%E5%AE%AE%E9%83%A8%E9%87%91%E5%90%BE&g=personalNames&num=100	1		https://www.wikidata.org/wiki/Q11455300	—
miyagawa-so	宮川 創	active			death_not_established	2026-09-05	https://id.ndl.go.jp/auth/ndlna/?qw=%E5%AE%AE%E5%B7%9D%E5%89%B5&g=personalNames&num=100	3	"""宮川創"" (訃報 OR 死去 OR 逝去 OR 生没年)"		—
miyama-osamu	美山 治	active			death_not_established	2026-09-05	https://id.ndl.go.jp/auth/ndlna/?qw=%E7%BE%8E%E5%B1%B1%E6%B2%BB&g=personalNames&num=100	0	"""美山治"" (訃報 OR 死去 OR 逝去 OR 生没年)"		—
miyaoka-osahito	宮岡 伯人	active		2023	death_supported	2026-09-05	https://id.ndl.go.jp/auth/ndlna/?qw=%E5%AE%AE%E5%B2%A1%E4%BC%AF%E4%BA%BA&g=personalNames&num=100	1	"""宮岡伯人"" (訃報 OR 死去 OR 逝去 OR 生没年)"	https://eprints.lib.hokudai.ac.jp/repo/huscap/all/99326/01_Hori.pdf	—
miyata-hisako	宮田 久子	active			death_not_established	2026-09-05	https://id.ndl.go.jp/auth/ndlna/?qw=%E5%AE%AE%E7%94%B0%E4%B9%85%E5%AD%90&g=personalNames&num=100	0	"""宮田久子"" (訃報 OR 死去 OR 逝去 OR 生没年)"		—
miyazaki-kota	宮崎 耕太	active			death_not_established	2026-09-05	https://id.ndl.go.jp/auth/ndlna/?qw=%E5%AE%AE%E5%B4%8E%E8%80%95%E5%A4%AA&g=personalNames&num=100	0	"""宮崎耕太"" (訃報 OR 死去 OR 逝去 OR 生没年)"		—
miyoshi-isao	三好 勲	active			death_not_established	2026-09-05	https://id.ndl.go.jp/auth/ndlna/?qw=%E4%B8%89%E5%A5%BD%E5%8B%B2&g=personalNames&num=100	0	"""三好勲"" (訃報 OR 死去 OR 逝去 OR 生没年)"		—
mizushima-miki	水島未記	active			death_not_established	2026-09-05	https://id.ndl.go.jp/auth/ndlna/?qw=%E6%B0%B4%E5%B3%B6%E6%9C%AA%E8%A8%98&g=personalNames&num=100	0	"""水島未記"" (訃報 OR 死去 OR 逝去 OR 生没年)"		—
mogami-tokunai	最上 徳内	active	1836	1836	existing_death_matches_wikidata	2026-09-05	https://id.ndl.go.jp/auth/ndlna/?qw=%E6%9C%80%E4%B8%8A%E5%BE%B3%E5%86%85&g=personalNames&num=100	1		https://www.wikidata.org/wiki/Q4141812	—
mokottunas-kitahara	北原 モコットゥナㇱ	active			death_not_established	2026-09-05	https://id.ndl.go.jp/auth/ndlna/?qw=%E5%8C%97%E5%8E%9F%E3%83%A2%E3%82%B3%E3%83%83%E3%83%88%E3%82%A5%E3%83%8A%E3%87%B1&g=personalNames&num=100	2	"""北原モコットゥナㇱ"" (訃報 OR 死去 OR 逝去 OR 生没年)"		—
momose-hibiki	百瀬 響	active			death_not_established	2026-09-05	https://id.ndl.go.jp/auth/ndlna/?qw=%E7%99%BE%E7%80%AC%E9%9F%BF&g=personalNames&num=100	1	"""百瀬響"" (訃報 OR 死去 OR 逝去 OR 生没年)"		—
momouchi-yoshio	桃内 佳雄	active			death_not_established	2026-09-05	https://id.ndl.go.jp/auth/ndlna/?qw=%E6%A1%83%E5%86%85%E4%BD%B3%E9%9B%84&g=personalNames&num=100	0	"""桃内佳雄"" (訃報 OR 死去 OR 逝去 OR 生没年)"		—
mori-masao	護 雅夫	active	1996	1996	existing_death_matches_wikidata	2026-09-05	https://id.ndl.go.jp/auth/ndlna/?qw=%E8%AD%B7%E9%9B%85%E5%A4%AB&g=personalNames&num=100	1		https://www.wikidata.org/wiki/Q11632538	—
moriyo-shimabukuro	Moriyo Shimabukuro	active			death_not_established	2026-09-05	https://id.ndl.go.jp/auth/ndlna/?qw=Moriyo%20Shimabukuro&g=personalNames&num=100	1	"""Moriyo Shimabukuro"" (obituary OR died OR ""passed away"")"		—
moses-osamu-baba	Moses Osamu Baba	active			death_not_established	2026-09-05	https://id.ndl.go.jp/auth/ndlna/?qw=Moses%20Osamu%20Baba&g=personalNames&num=100	0	"""Moses Osamu Baba"" (obituary OR died OR ""passed away"")"		—
murakami-keiji	村上 啓司	active			death_not_established	2026-09-05	https://id.ndl.go.jp/auth/ndlna/?qw=%E6%9D%91%E4%B8%8A%E5%95%93%E5%8F%B8&g=personalNames&num=100	0	"""村上啓司"" (訃報 OR 死去 OR 逝去 OR 生没年)"		—
muraki-miyuki	村木 美幸	active			death_not_established	2026-09-05	https://id.ndl.go.jp/auth/ndlna/?qw=%E6%9D%91%E6%9C%A8%E7%BE%8E%E5%B9%B8&g=personalNames&num=100	0	"""村木美幸"" (訃報 OR 死去 OR 逝去 OR 生没年)"		—
murasaki	Murasaki	active	1014		identity_corrected	2026-09-05	https://id.ndl.go.jp/auth/ndlna/?qw=Murasaki&g=personalNames&num=100	104	"""Murasaki"" (obituary OR died OR ""passed away"")"	https://db.aynu.org/sources/2025-murasaki	アイヌ語文法資料の著者を紫式部とする識別子・生没年を解除。名だけでは著者の同定に至らない。
murasaki-kyoko	村崎 恭子	active			death_not_established	2026-09-05	https://id.ndl.go.jp/auth/ndlna/?qw=%E6%9D%91%E5%B4%8E%E6%81%AD%E5%AD%90&g=personalNames&num=100	1	"""村崎恭子"" (訃報 OR 死去 OR 逝去 OR 生没年)"		—
nabesawa-motozo	鍋沢 元蔵	active		1967	death_supported	2026-09-05	https://id.ndl.go.jp/auth/ndlna/?qw=%E9%8D%8B%E6%B2%A2%E5%85%83%E8%94%B5&g=personalNames&num=100	1	"""鍋沢元蔵"" (訃報 OR 死去 OR 逝去 OR 生没年)"	https://id.ndl.go.jp/auth/ndlna/00049485	—
nabesawa-nepuki	鍋澤 ねぷき	active		1974	death_supported	2026-09-05	https://id.ndl.go.jp/auth/ndlna/?qw=%E9%8D%8B%E6%BE%A4%E3%81%AD%E3%81%B7%E3%81%8D&g=personalNames&num=100	0	"""鍋澤ねぷき"" (訃報 OR 死去 OR 逝去 OR 生没年)"	https://nibutani-ainu-museum.com/pdf/ainu_gaiyou.pdf	—
nagahama-seizo	長濱 清蔵	active			death_not_established	2026-09-05	https://id.ndl.go.jp/auth/ndlna/?qw=%E9%95%B7%E6%BF%B1%E6%B8%85%E8%94%B5&g=personalNames&num=100	0	"""長濱清蔵"" (訃報 OR 死去 OR 逝去 OR 生没年)"		—
nagao-yuka	長尾 優花	active			death_not_established	2026-09-05	https://id.ndl.go.jp/auth/ndlna/?qw=%E9%95%B7%E5%B0%BE%E5%84%AA%E8%8A%B1&g=personalNames&num=100	0	"""長尾優花"" (訃報 OR 死去 OR 逝去 OR 生没年)"		—
nagata-hosei	永田 方正	active	1911	1911	existing_death_matches_wikidata	2026-09-05	https://id.ndl.go.jp/auth/ndlna/?qw=%E6%B0%B8%E7%94%B0%E6%96%B9%E6%AD%A3&g=personalNames&num=100	1		https://www.wikidata.org/wiki/Q11550250	—
nagata-yoshishige	永田 良茂	active			death_not_established	2026-09-05	https://id.ndl.go.jp/auth/ndlna/?qw=%E6%B0%B8%E7%94%B0%E8%89%AF%E8%8C%82&g=personalNames&num=100	1	"""永田良茂"" (訃報 OR 死去 OR 逝去 OR 生没年)"		—
nakagawa-hiroshi	中川 裕	active			death_not_established	2026-09-05	https://id.ndl.go.jp/auth/ndlna/?qw=%E4%B8%AD%E5%B7%9D%E8%A3%95&g=personalNames&num=100	22	"""中川裕"" (訃報 OR 死去 OR 逝去 OR 生没年)"		—
nakai-takanori	中井 貴規	active			death_not_established	2026-09-05	https://id.ndl.go.jp/auth/ndlna/?qw=%E4%B8%AD%E4%BA%95%E8%B2%B4%E8%A6%8F&g=personalNames&num=100	1	"""中井貴規"" (訃報 OR 死去 OR 逝去 OR 生没年)"		—
nakajima-riichiro	中島 利一郎	active	1959	1959	existing_death_matches_wikidata	2026-09-05	https://id.ndl.go.jp/auth/ndlna/?qw=%E4%B8%AD%E5%B3%B6%E5%88%A9%E4%B8%80%E9%83%8E&g=personalNames&num=100	1		https://www.wikidata.org/wiki/Q18014894	—
nakamoto-mutsuko	中本 ムツ子	active	2011	2011	existing_death_matches_wikidata	2026-09-05	https://id.ndl.go.jp/auth/ndlna/?qw=%E4%B8%AD%E6%9C%AC%E3%83%A0%E3%83%84%E5%AD%90&g=personalNames&num=100	1		https://www.wikidata.org/wiki/Q99767507	—
nakamura-kazuyuki	中村 和之	active			death_not_established	2026-09-05	https://id.ndl.go.jp/auth/ndlna/?qw=%E4%B8%AD%E6%9D%91%E5%92%8C%E4%B9%8B&g=personalNames&num=100	2	"""中村和之"" (訃報 OR 死去 OR 逝去 OR 生没年)"		—
nakano-tomoe	中野 巴	active			death_not_established	2026-09-05	https://id.ndl.go.jp/auth/ndlna/?qw=%E4%B8%AD%E9%87%8E%E5%B7%B4&g=personalNames&num=100	0	"""中野巴"" (訃報 OR 死去 OR 逝去 OR 生没年)"		—
nakano-yoshinobu	中野 良宣	active			death_not_established	2026-09-05	https://id.ndl.go.jp/auth/ndlna/?qw=%E4%B8%AD%E9%87%8E%E8%89%AF%E5%AE%A3&g=personalNames&num=100	0	"""中野良宣"" (訃報 OR 死去 OR 逝去 OR 生没年)"		—
nam-deokhyun	Nam Deokhyun	active			death_not_established	2026-09-05	https://id.ndl.go.jp/auth/ndlna/?qw=Nam%20Deokhyun&g=personalNames&num=100	0	"""Nam Deokhyun"" (obituary OR died OR ""passed away"")"		—
nana-sato-rossberg	佐藤 ロスベアグ ナナ	active			death_not_established	2026-09-05	https://id.ndl.go.jp/auth/ndlna/?qw=%E4%BD%90%E8%97%A4%E3%83%AD%E3%82%B9%E3%83%99%E3%82%A2%E3%82%B0%E3%83%8A%E3%83%8A&g=personalNames&num=100	1	"""佐藤ロスベアグナナ"" (訃報 OR 死去 OR 逝去 OR 生没年)"		—
naohiro-nakamura	Naohiro Nakamura	active			death_not_established	2026-09-05	https://id.ndl.go.jp/auth/ndlna/?qw=Naohiro%20Nakamura&g=personalNames&num=100	1	"""Naohiro Nakamura"" (obituary OR died OR ""passed away"")"		—
narita-hidetoshi	成田 英敏	active			death_not_established	2026-09-05	https://id.ndl.go.jp/auth/ndlna/?qw=%E6%88%90%E7%94%B0%E8%8B%B1%E6%95%8F&g=personalNames&num=100	1	"""成田英敏"" (訃報 OR 死去 OR 逝去 OR 生没年)"		—
narita-shuichi	成田 修一	active			death_not_established	2026-09-05	https://id.ndl.go.jp/auth/ndlna/?qw=%E6%88%90%E7%94%B0%E4%BF%AE%E4%B8%80&g=personalNames&num=100	1	"""成田修一"" (訃報 OR 死去 OR 逝去 OR 生没年)"		—
narumi-hideshi	鳴海 日出志	active			death_not_established	2026-09-05	https://id.ndl.go.jp/auth/ndlna/?qw=%E9%B3%B4%E6%B5%B7%E6%97%A5%E5%87%BA%E5%BF%97&g=personalNames&num=100	2	"""鳴海日出志"" (訃報 OR 死去 OR 逝去 OR 生没年)"		—
natori-takemitsu	名取 武光	active	1987	1987	existing_death_supported	2026-09-05	https://id.ndl.go.jp/auth/ndlna/?qw=%E5%90%8D%E5%8F%96%E6%AD%A6%E5%85%89&g=personalNames&num=100	1		https://haa.main.jp/cms/content/files/l-back/dayori109.pdf	NDLの1988年に対し、北海道考古学会だより109号の昭和62年度年表は1987年10月3日逝去。既存1987年を維持。
nihashi-junichi	二橋 潤一	active			death_not_established	2026-09-05	https://id.ndl.go.jp/auth/ndlna/?qw=%E4%BA%8C%E6%A9%8B%E6%BD%A4%E4%B8%80&g=personalNames&num=100	1	"""二橋潤一"" (訃報 OR 死去 OR 逝去 OR 生没年)"		—
niioka-takehiko	新岡 武彦	active		1990	death_supported	2026-09-05	https://id.ndl.go.jp/auth/ndlna/?qw=%E6%96%B0%E5%B2%A1%E6%AD%A6%E5%BD%A6&g=personalNames&num=100	1	"""新岡武彦"" (訃報 OR 死去 OR 逝去 OR 生没年)"	https://haa.main.jp/cms/content/files/l-back/dayori109.pdf	—
nikitina-tatiana	Nikitina Tatiana	active			death_not_established	2026-09-05	https://id.ndl.go.jp/auth/ndlna/?qw=Nikitina%20Tatiana&g=personalNames&num=100	0	"""Nikitina Tatiana"" (obituary OR died OR ""passed away"")"		—
ninjal	NINJAL	active			death_not_established	2026-09-05	https://id.ndl.go.jp/auth/ndlna/?qw=NINJAL&g=personalNames&num=100	0	"""NINJAL"" (obituary OR died OR ""passed away"")"		—
nishikiya-tadashi	錦谷 禎	active			death_not_established	2026-09-05	https://id.ndl.go.jp/auth/ndlna/?qw=%E9%8C%A6%E8%B0%B7%E7%A6%8E&g=personalNames&num=100	0	"""錦谷禎"" (訃報 OR 死去 OR 逝去 OR 生没年)"		—
nishiyama-shimako	西山 史真子	active			death_not_established	2026-09-05	https://id.ndl.go.jp/auth/ndlna/?qw=%E8%A5%BF%E5%B1%B1%E5%8F%B2%E7%9C%9F%E5%AD%90&g=personalNames&num=100	1	"""西山史真子"" (訃報 OR 死去 OR 逝去 OR 生没年)"		—
nobue-chiba	Nobue Chiba	active			death_not_established	2026-09-05	https://id.ndl.go.jp/auth/ndlna/?qw=Nobue%20Chiba&g=personalNames&num=100	0	"""Nobue Chiba"" (obituary OR died OR ""passed away"")"		—
noemi-godefroy	Noémi Godefroy	active			death_not_established	2026-09-05	https://id.ndl.go.jp/auth/ndlna/?qw=No%C3%A9mi%20Godefroy&g=personalNames&num=100	0	"""Noémi Godefroy"" (obituary OR died OR ""passed away"")"		—
nojiri-hoei	野尻 抱影	active	1977	1977	existing_death_matches_wikidata	2026-09-05	https://id.ndl.go.jp/auth/ndlna/?qw=%E9%87%8E%E5%B0%BB%E6%8A%B1%E5%BD%B1&g=personalNames&num=100	2		https://www.wikidata.org/wiki/Q2027873	—
nomoto-hisae	野本 久栄	active			death_not_established	2026-09-05	https://id.ndl.go.jp/auth/ndlna/?qw=%E9%87%8E%E6%9C%AC%E4%B9%85%E6%A0%84&g=personalNames&num=100	0	"""野本久栄"" (訃報 OR 死去 OR 逝去 OR 生没年)"		—
norbert-r-adami	Norbert R. Adami	active			death_not_established	2026-09-05	https://id.ndl.go.jp/auth/ndlna/?qw=Norbert%20R.%20Adami&g=personalNames&num=100	1	"""Norbert R. Adami"" (obituary OR died OR ""passed away"")"		—
noriaki-ohgita	Noriaki Ohgita	active			death_not_established	2026-09-05	https://id.ndl.go.jp/auth/ndlna/?qw=Noriaki%20Ohgita&g=personalNames&num=100	0	"""Noriaki Ohgita"" (obituary OR died OR ""passed away"")"		—
notoya-enkichi	能登屋 円吉	active			death_not_established	2026-09-05	https://id.ndl.go.jp/auth/ndlna/?qw=%E8%83%BD%E7%99%BB%E5%B1%8B%E5%86%86%E5%90%89&g=personalNames&num=100	1	"""能登屋円吉"" (訃報 OR 死去 OR 逝去 OR 生没年)"		—
nowakowski-karol	Nowakowski Karol	active			death_not_established	2026-09-05	https://id.ndl.go.jp/auth/ndlna/?qw=Nowakowski%20Karol&g=personalNames&num=100	0	"""Nowakowski Karol"" (obituary OR died OR ""passed away"")"		—
nurmi-jussi-henri-sebastian	Nurmi Jussi Henri Sebastian	active			death_not_established	2026-09-05	https://id.ndl.go.jp/auth/ndlna/?qw=Nurmi%20Jussi%20Henri%20Sebastian&g=personalNames&num=100	0	"""Nurmi Jussi Henri Sebastian"" (obituary OR died OR ""passed away"")"		—
oba-yoshio	大場 四千男	active			death_not_established	2026-09-05	https://id.ndl.go.jp/auth/ndlna/?qw=%E5%A4%A7%E5%A0%B4%E5%9B%9B%E5%8D%83%E7%94%B7&g=personalNames&num=100	1	"""大場四千男"" (訃報 OR 死去 OR 逝去 OR 生没年)"		—
obayashi-taryo	大林 太良	active	2001	2001	existing_death_matches_wikidata	2026-09-05	https://id.ndl.go.jp/auth/ndlna/?qw=%E5%A4%A7%E6%9E%97%E5%A4%AA%E8%89%AF&g=personalNames&num=100	1		https://www.wikidata.org/wiki/Q3347920	—
ochiai-izumi	落合いずみ	active			death_not_established	2026-09-05	https://id.ndl.go.jp/auth/ndlna/?qw=%E8%90%BD%E5%90%88%E3%81%84%E3%81%9A%E3%81%BF&g=personalNames&num=100	2	"""落合いずみ"" (訃報 OR 死去 OR 逝去 OR 生没年)"		—
oda-ito	小田 イト	active	2000	2000	existing_death_matches_wikidata	2026-09-05	https://id.ndl.go.jp/auth/ndlna/?qw=%E5%B0%8F%E7%94%B0%E3%82%A4%E3%83%88&g=personalNames&num=100	1		https://www.wikidata.org/wiki/Q133208543	—
ogaki-naoaki	大垣 直明	active			death_not_established	2026-09-05	https://id.ndl.go.jp/auth/ndlna/?qw=%E5%A4%A7%E5%9E%A3%E7%9B%B4%E6%98%8E&g=personalNames&num=100	1	"""大垣直明"" (訃報 OR 死去 OR 逝去 OR 生没年)"		—
ogasawara-sayo	小笠原 小夜	active			death_not_established	2026-09-05	https://id.ndl.go.jp/auth/ndlna/?qw=%E5%B0%8F%E7%AC%A0%E5%8E%9F%E5%B0%8F%E5%A4%9C&g=personalNames&num=100	3	"""小笠原小夜"" (訃報 OR 死去 OR 逝去 OR 生没年)"		—
ogata-tamotsu	小片 保	active		1980	death_supported	2026-09-05	https://id.ndl.go.jp/auth/ndlna/?qw=%E5%B0%8F%E7%89%87%E4%BF%9D&g=personalNames&num=100	1	"""小片保"" (訃報 OR 死去 OR 逝去 OR 生没年)"	https://id.ndl.go.jp/auth/ndlna/00113013	—
ogawa-masato	小川 正人	active			death_not_established	2026-09-05	https://id.ndl.go.jp/auth/ndlna/?qw=%E5%B0%8F%E5%B7%9D%E6%AD%A3%E4%BA%BA&g=personalNames&num=100	7	"""小川正人"" (訃報 OR 死去 OR 逝去 OR 生没年)"		—
ogawa-masayo	小川 昌代	active			death_not_established	2026-09-05	https://id.ndl.go.jp/auth/ndlna/?qw=%E5%B0%8F%E5%B7%9D%E6%98%8C%E4%BB%A3&g=personalNames&num=100	1	"""小川昌代"" (訃報 OR 死去 OR 逝去 OR 生没年)"		—
ogawa-sanae	小川 早苗	active			death_not_established	2026-09-05	https://id.ndl.go.jp/auth/ndlna/?qw=%E5%B0%8F%E5%B7%9D%E6%97%A9%E8%8B%97&g=personalNames&num=100	1	"""小川早苗"" (訃報 OR 死去 OR 逝去 OR 生没年)"		—
ogawa-shigeno	小川 シゲノ	active			death_not_established	2026-09-05	https://id.ndl.go.jp/auth/ndlna/?qw=%E5%B0%8F%E5%B7%9D%E3%82%B7%E3%82%B2%E3%83%8E&g=personalNames&num=100	0	"""小川シゲノ"" (訃報 OR 死去 OR 逝去 OR 生没年)"		—
ogihara-shinko	荻原 真子	active			death_not_established	2026-09-05	https://id.ndl.go.jp/auth/ndlna/?qw=%E8%8D%BB%E5%8E%9F%E7%9C%9F%E5%AD%90&g=personalNames&num=100	1	"""荻原真子"" (訃報 OR 死去 OR 逝去 OR 生没年)"		—
ogiya-masayasu	扇谷 昌康	active			death_not_established	2026-09-05	https://id.ndl.go.jp/auth/ndlna/?qw=%E6%89%87%E8%B0%B7%E6%98%8C%E5%BA%B7&g=personalNames&num=100	1	"""扇谷昌康"" (訃報 OR 死去 OR 逝去 OR 生没年)"		—
ohguri-hiroshi	大栗 裕	active	1982	1982	existing_death_matches_wikidata	2026-09-05	https://id.ndl.go.jp/auth/ndlna/?qw=%E5%A4%A7%E6%A0%97%E8%A3%95&g=personalNames&num=100	1		https://www.wikidata.org/wiki/Q322894	—
oide-ayako	大出 あや子	active			death_not_established	2026-09-05	https://id.ndl.go.jp/auth/ndlna/?qw=%E5%A4%A7%E5%87%BA%E3%81%82%E3%82%84%E5%AD%90&g=personalNames&num=100	1	"""大出あや子"" (訃報 OR 死去 OR 逝去 OR 生没年)"		—
oikawa-akihiko	及川 明彦	active			death_not_established	2026-09-05	https://id.ndl.go.jp/auth/ndlna/?qw=%E5%8F%8A%E5%B7%9D%E6%98%8E%E5%BD%A6&g=personalNames&num=100	0	"""及川明彦"" (訃報 OR 死去 OR 逝去 OR 生没年)"		—
okada-hiroaki	岡田 宏明	active	2004	2004	existing_death_matches_wikidata	2026-09-05	https://id.ndl.go.jp/auth/ndlna/?qw=%E5%B2%A1%E7%94%B0%E5%AE%8F%E6%98%8E&g=personalNames&num=100	1		https://www.wikidata.org/wiki/Q24008083	—
okada-michiaki	岡田 路明	active			death_not_established	2026-09-05	https://id.ndl.go.jp/auth/ndlna/?qw=%E5%B2%A1%E7%94%B0%E8%B7%AF%E6%98%8E&g=personalNames&num=100	1	"""岡田路明"" (訃報 OR 死去 OR 逝去 OR 生没年)"		—
okada-yuki	岡田 勇樹	active			death_not_established	2026-09-05	https://id.ndl.go.jp/auth/ndlna/?qw=%E5%B2%A1%E7%94%B0%E5%8B%87%E6%A8%B9&g=personalNames&num=100	0	"""岡田勇樹"" (訃報 OR 死去 OR 逝去 OR 生没年)"		—
okamoto-tomoya	岡本 朋也	active			death_not_established	2026-09-05	https://id.ndl.go.jp/auth/ndlna/?qw=%E5%B2%A1%E6%9C%AC%E6%9C%8B%E4%B9%9F&g=personalNames&num=100	0	"""岡本朋也"" (訃報 OR 死去 OR 逝去 OR 生没年)"		—
okamura-kichiemon	岡村 吉右衛門	active	2002	2002	existing_death_matches_wikidata	2026-09-05	https://id.ndl.go.jp/auth/ndlna/?qw=%E5%B2%A1%E6%9D%91%E5%90%89%E5%8F%B3%E8%A1%9B%E9%96%80&g=personalNames&num=100	1		https://www.wikidata.org/wiki/Q11473282	—
okawada-akira	岡和田 晃	active			death_not_established	2026-09-05	https://id.ndl.go.jp/auth/ndlna/?qw=%E5%B2%A1%E5%92%8C%E7%94%B0%E6%99%83&g=personalNames&num=100	1	"""岡和田晃"" (訃報 OR 死去 OR 逝去 OR 生没年)"		—
oki	Oki .	active			death_not_established	2026-09-05	https://id.ndl.go.jp/auth/ndlna/?qw=Oki%20.&g=personalNames&num=100	101	"""Oki ."" (obituary OR died OR ""passed away"")"		—
okita-noriaki	大喜多 紀明	active			death_not_established	2026-09-05	https://id.ndl.go.jp/auth/ndlna/?qw=%E5%A4%A7%E5%96%9C%E5%A4%9A%E7%B4%80%E6%98%8E&g=personalNames&num=100	0	"""大喜多紀明"" (訃報 OR 死去 OR 逝去 OR 生没年)"		—
okuda-osami	奥田 統己	active			death_not_established	2026-09-05	https://id.ndl.go.jp/auth/ndlna/?qw=%E5%A5%A5%E7%94%B0%E7%B5%B1%E5%B7%B1&g=personalNames&num=100	1	"""奥田統己"" (訃報 OR 死去 OR 逝去 OR 生没年)"		—
okuda-sachiko	奥田 幸子	active			death_not_established	2026-09-05	https://id.ndl.go.jp/auth/ndlna/?qw=%E5%A5%A5%E7%94%B0%E5%B9%B8%E5%AD%90&g=personalNames&num=100	0	"""奥田幸子"" (訃報 OR 死去 OR 逝去 OR 生没年)"		—
onai-toru	小内 透	active			death_not_established	2026-09-05	https://id.ndl.go.jp/auth/ndlna/?qw=%E5%B0%8F%E5%86%85%E9%80%8F&g=personalNames&num=100	1	"""小内透"" (訃報 OR 死去 OR 逝去 OR 生没年)"		—
oni-haruto	鬼 春人	active			death_not_established	2026-09-05	https://id.ndl.go.jp/auth/ndlna/?qw=%E9%AC%BC%E6%98%A5%E4%BA%BA&g=personalNames&num=100	1	"""鬼春人"" (訃報 OR 死去 OR 逝去 OR 生没年)"		—
ono-susumu	大野 晋	active	2008	2008	existing_death_matches_wikidata	2026-09-05	https://id.ndl.go.jp/auth/ndlna/?qw=%E5%A4%A7%E9%87%8E%E6%99%8B&g=personalNames&num=100	2		https://www.wikidata.org/wiki/Q849038	—
ono-tetsuto	大野 徹人	active			death_not_established	2026-09-05	https://id.ndl.go.jp/auth/ndlna/?qw=%E5%A4%A7%E9%87%8E%E5%BE%B9%E4%BA%BA&g=personalNames&num=100	1	"""大野徹人"" (訃報 OR 死去 OR 逝去 OR 生没年)"		—
ono-yohei	小野洋平	active			death_not_established	2026-09-05	https://id.ndl.go.jp/auth/ndlna/?qw=%E5%B0%8F%E9%87%8E%E6%B4%8B%E5%B9%B3&g=personalNames&num=100	0	"""小野洋平"" (訃報 OR 死去 OR 逝去 OR 生没年)"		—
ono-yoneichi	小野 米一	active			death_not_established	2026-09-05	https://id.ndl.go.jp/auth/ndlna/?qw=%E5%B0%8F%E9%87%8E%E7%B1%B3%E4%B8%80&g=personalNames&num=100	1	"""小野米一"" (訃報 OR 死去 OR 逝去 OR 生没年)"		—
ono-yugo	小野 有五	active			death_not_established	2026-09-05	https://id.ndl.go.jp/auth/ndlna/?qw=%E5%B0%8F%E9%87%8E%E6%9C%89%E4%BA%94&g=personalNames&num=100	1	"""小野有五"" (訃報 OR 死去 OR 逝去 OR 生没年)"		—
ono-yuki	小野 雄貴	active			death_not_established	2026-09-05	https://id.ndl.go.jp/auth/ndlna/?qw=%E5%B0%8F%E9%87%8E%E9%9B%84%E8%B2%B4&g=personalNames&num=100	0	"""小野雄貴"" (訃報 OR 死去 OR 逝去 OR 生没年)"		—
orita-suteno	織田 ステノ	active	1993	1993	existing_death_matches_wikidata	2026-09-05	https://id.ndl.go.jp/auth/ndlna/?qw=%E7%B9%94%E7%94%B0%E3%82%B9%E3%83%86%E3%83%8E&g=personalNames&num=100	0		https://www.wikidata.org/wiki/Q124733798	—
osaka-taku	大坂拓	active			death_not_established	2026-09-05	https://id.ndl.go.jp/auth/ndlna/?qw=%E5%A4%A7%E5%9D%82%E6%8B%93&g=personalNames&num=100	1	"""大坂拓"" (訃報 OR 死去 OR 逝去 OR 生没年)"		—
osamu-kondo	OSAMU KONDO	active			death_not_established	2026-09-05	https://id.ndl.go.jp/auth/ndlna/?qw=OSAMU%20KONDO&g=personalNames&num=100	4	"""OSAMU KONDO"" (obituary OR died OR ""passed away"")"		—
oshima-minoru	大島 稔	active			death_not_established	2026-09-05	https://id.ndl.go.jp/auth/ndlna/?qw=%E5%A4%A7%E5%B3%B6%E7%A8%94&g=personalNames&num=100	2	"""大島稔"" (訃報 OR 死去 OR 逝去 OR 生没年)"		—
oshino-akemi	押野 朱美	active			death_not_established	2026-09-05	https://id.ndl.go.jp/auth/ndlna/?qw=%E6%8A%BC%E9%87%8E%E6%9C%B1%E7%BE%8E&g=personalNames&num=100	0	"""押野朱美"" (訃報 OR 死去 OR 逝去 OR 生没年)"		—
oshino-rika	押野 里架	active			death_not_established	2026-09-05	https://id.ndl.go.jp/auth/ndlna/?qw=%E6%8A%BC%E9%87%8E%E9%87%8C%E6%9E%B6&g=personalNames&num=100	0	"""押野里架"" (訃報 OR 死去 OR 逝去 OR 生没年)"		—
osuga-rueko	大須賀 るえ子	active			death_not_established	2026-09-05	https://id.ndl.go.jp/auth/ndlna/?qw=%E5%A4%A7%E9%A0%88%E8%B3%80%E3%82%8B%E3%81%88%E5%AD%90&g=personalNames&num=100	0	"""大須賀るえ子"" (訃報 OR 死去 OR 逝去 OR 生没年)"		—
ota-kamus-okkay	太田 カムㇱオッカイ	active			death_not_established	2026-09-05	https://id.ndl.go.jp/auth/ndlna/?qw=%E5%A4%AA%E7%94%B0%E3%82%AB%E3%83%A0%E3%87%B1%E3%82%AA%E3%83%83%E3%82%AB%E3%82%A4&g=personalNames&num=100	0	"""太田カムㇱオッカイ"" (訃報 OR 死去 OR 逝去 OR 生没年)"		—
ota-ryu	太田 竜	active	2009	2009	existing_death_matches_wikidata	2026-09-05	https://id.ndl.go.jp/auth/ndlna/?qw=%E5%A4%AA%E7%94%B0%E7%AB%9C&g=personalNames&num=100	15		https://www.wikidata.org/wiki/Q7385483	—
otani-yoichi	大谷洋一	active			death_not_established	2026-09-05	https://id.ndl.go.jp/auth/ndlna/?qw=%E5%A4%A7%E8%B0%B7%E6%B4%8B%E4%B8%80&g=personalNames&num=100	1	"""大谷洋一"" (訃報 OR 死去 OR 逝去 OR 生没年)"		—
otomo-yukio	大友 幸男	active		1999	death_supported	2026-09-05	https://id.ndl.go.jp/auth/ndlna/?qw=%E5%A4%A7%E5%8F%8B%E5%B9%B8%E7%94%B7&g=personalNames&num=100	2	"""大友幸男"" (訃報 OR 死去 OR 逝去 OR 生没年)"	https://id.ndl.go.jp/auth/ndlna/00367668	—
p-10qepje	金田一京助 [著]	active		1971	death_supported	2026-09-05	https://id.ndl.go.jp/auth/ndlna/?qw=%E9%87%91%E7%94%B0%E4%B8%80%E4%BA%AC%E5%8A%A9%5B%E8%91%97%5D&g=personalNames&num=100	0	"""金田一京助[著]"" (訃報 OR 死去 OR 逝去 OR 生没年)"	https://www.ndl.go.jp/portrait/datas/4345/index.html	—
p-113iutn	大場 秀夫	active			death_not_established	2026-09-05	https://id.ndl.go.jp/auth/ndlna/?qw=%E5%A4%A7%E5%A0%B4%E7%A7%80%E5%A4%AB&g=personalNames&num=100	0	"""大場秀夫"" (訃報 OR 死去 OR 逝去 OR 生没年)"		—
p-11492jn	大塚 梨恵	active			death_not_established	2026-09-05	https://id.ndl.go.jp/auth/ndlna/?qw=%E5%A4%A7%E5%A1%9A%E6%A2%A8%E6%81%B5&g=personalNames&num=100	0	"""大塚梨恵"" (訃報 OR 死去 OR 逝去 OR 生没年)"		—
p-11firet	若園 雄志郎	active			death_not_established	2026-09-05	https://id.ndl.go.jp/auth/ndlna/?qw=%E8%8B%A5%E5%9C%92%E9%9B%84%E5%BF%97%E9%83%8E&g=personalNames&num=100	1	"""若園雄志郎"" (訃報 OR 死去 OR 逝去 OR 生没年)"		—
p-11o400v	杉山 泰子	active			death_not_established	2026-09-05	https://id.ndl.go.jp/auth/ndlna/?qw=%E6%9D%89%E5%B1%B1%E6%B3%B0%E5%AD%90&g=personalNames&num=100	0	"""杉山泰子"" (訃報 OR 死去 OR 逝去 OR 生没年)"		—
p-11ol90n	太宰 幸子	active			death_not_established	2026-09-05	https://id.ndl.go.jp/auth/ndlna/?qw=%E5%A4%AA%E5%AE%B0%E5%B9%B8%E5%AD%90&g=personalNames&num=100	1	"""太宰幸子"" (訃報 OR 死去 OR 逝去 OR 生没年)"		—
p-11tm1i0	村山 七郎	merged	1995	1995	existing_death_matches_wikidata	2026-09-05	https://id.ndl.go.jp/auth/ndlna/?qw=%E6%9D%91%E5%B1%B1%E4%B8%83%E9%83%8E&g=personalNames&num=100	1		https://www.wikidata.org/wiki/Q7496116	—
p-11xgdoe	菊地 達夫	active			death_not_established	2026-09-05	https://id.ndl.go.jp/auth/ndlna/?qw=%E8%8F%8A%E5%9C%B0%E9%81%94%E5%A4%AB&g=personalNames&num=100	1	"""菊地達夫"" (訃報 OR 死去 OR 逝去 OR 生没年)"		—
p-125jcv5	野崎 剛毅	active			death_not_established	2026-09-05	https://id.ndl.go.jp/auth/ndlna/?qw=%E9%87%8E%E5%B4%8E%E5%89%9B%E6%AF%85&g=personalNames&num=100	0	"""野崎剛毅"" (訃報 OR 死去 OR 逝去 OR 生没年)"		—
p-12ak29f	高野 三代作	active			death_not_established	2026-09-05	https://id.ndl.go.jp/auth/ndlna/?qw=%E9%AB%98%E9%87%8E%E4%B8%89%E4%BB%A3%E4%BD%9C&g=personalNames&num=100	0	"""高野三代作"" (訃報 OR 死去 OR 逝去 OR 生没年)"		—
p-12c82fl	和田 文治郎	merged		1958	death_supported	2026-09-05	https://id.ndl.go.jp/auth/ndlna/?qw=%E5%92%8C%E7%94%B0%E6%96%87%E6%B2%BB%E9%83%8E&g=personalNames&num=100	1	"""和田文治郎"" (訃報 OR 死去 OR 逝去 OR 生没年)"	https://id.ndl.go.jp/auth/ndlna/001141718	—
p-12o91rj	木村 博海	active			death_not_established	2026-09-05	https://id.ndl.go.jp/auth/ndlna/?qw=%E6%9C%A8%E6%9D%91%E5%8D%9A%E6%B5%B7&g=personalNames&num=100	1	"""木村博海"" (訃報 OR 死去 OR 逝去 OR 生没年)"		—
p-12ohmil	木村 英明	active			death_not_established	2026-09-05	https://id.ndl.go.jp/auth/ndlna/?qw=%E6%9C%A8%E6%9D%91%E8%8B%B1%E6%98%8E&g=personalNames&num=100	3	"""木村英明"" (訃報 OR 死去 OR 逝去 OR 生没年)"		—
p-12ok2ju	木村 邦彦	active		2017	death_supported	2026-09-05	https://id.ndl.go.jp/auth/ndlna/?qw=%E6%9C%A8%E6%9D%91%E9%82%A6%E5%BD%A6&g=personalNames&num=100	3	"""木村邦彦"" (訃報 OR 死去 OR 逝去 OR 生没年)"	https://www.jstage.jst.go.jp/article/asj/126/1/126_126.79/_pdf/-char/ja	—
p-12qbr50	都築 埴雅	active			death_not_established	2026-09-05	https://id.ndl.go.jp/auth/ndlna/?qw=%E9%83%BD%E7%AF%89%E5%9F%B4%E9%9B%85&g=personalNames&num=100	0	"""都築埴雅"" (訃報 OR 死去 OR 逝去 OR 生没年)"		—
p-12syzn8	柳下 み咲	active			death_not_established	2026-09-05	https://id.ndl.go.jp/auth/ndlna/?qw=%E6%9F%B3%E4%B8%8B%E3%81%BF%E5%92%B2&g=personalNames&num=100	0	"""柳下み咲"" (訃報 OR 死去 OR 逝去 OR 生没年)"		—
p-12ykcjr	奥山 英登	active			death_not_established	2026-09-05	https://id.ndl.go.jp/auth/ndlna/?qw=%E5%A5%A5%E5%B1%B1%E8%8B%B1%E7%99%BB&g=personalNames&num=100	0	"""奥山英登"" (訃報 OR 死去 OR 逝去 OR 生没年)"		—
p-12ywow8	金成 マツ	merged	1961	1961	existing_death_matches_wikidata	2026-09-05	https://id.ndl.go.jp/auth/ndlna/?qw=%E9%87%91%E6%88%90%E3%83%9E%E3%83%84&g=personalNames&num=100	1		https://www.wikidata.org/wiki/Q3148989	—
p-13nud53	栃内 香次	merged			death_not_established	2026-09-05	https://id.ndl.go.jp/auth/ndlna/?qw=%E6%A0%83%E5%86%85%E9%A6%99%E6%AC%A1&g=personalNames&num=100	1	"""栃内香次"" (訃報 OR 死去 OR 逝去 OR 生没年)"		—
p-13p2pr0	野本 正博	active			death_not_established	2026-09-05	https://id.ndl.go.jp/auth/ndlna/?qw=%E9%87%8E%E6%9C%AC%E6%AD%A3%E5%8D%9A&g=personalNames&num=100	0	"""野本正博"" (訃報 OR 死去 OR 逝去 OR 生没年)"		—
p-14d41fh	堺谷 美香	active			death_not_established	2026-09-05	https://id.ndl.go.jp/auth/ndlna/?qw=%E5%A0%BA%E8%B0%B7%E7%BE%8E%E9%A6%99&g=personalNames&num=100	0	"""堺谷美香"" (訃報 OR 死去 OR 逝去 OR 生没年)"		—
p-14dam0m	栗原 登一	merged	2009	2009	existing_death_matches_wikidata	2026-09-05	https://id.ndl.go.jp/auth/ndlna/?qw=%E6%A0%97%E5%8E%9F%E7%99%BB%E4%B8%80&g=personalNames&num=100	3		https://www.wikidata.org/wiki/Q7385483	—
p-14h09wv	更科 源蔵	merged	1985	1985	existing_death_matches_wikidata	2026-09-05	https://id.ndl.go.jp/auth/ndlna/?qw=%E6%9B%B4%E7%A7%91%E6%BA%90%E8%94%B5&g=personalNames&num=100	1		https://www.wikidata.org/wiki/Q11515150	—
p-14v1ctr	本田 克代	active			death_not_established	2026-09-05	https://id.ndl.go.jp/auth/ndlna/?qw=%E6%9C%AC%E7%94%B0%E5%85%8B%E4%BB%A3&g=personalNames&num=100	1	"""本田克代"" (訃報 OR 死去 OR 逝去 OR 生没年)"		—
p-157hhhq	クスリコヤ	active			death_not_established	2026-09-05	https://id.ndl.go.jp/auth/ndlna/?qw=%E3%82%AF%E3%82%B9%E3%83%AA%E3%82%B3%E3%83%A4&g=personalNames&num=100	0	"""クスリコヤ"" (訃報 OR 死去 OR 逝去 OR 生没年)"		—
p-15abopl	松浦 孝平	active			death_not_established	2026-09-05	https://id.ndl.go.jp/auth/ndlna/?qw=%E6%9D%BE%E6%B5%A6%E5%AD%9D%E5%B9%B3&g=personalNames&num=100	0	"""松浦孝平"" (訃報 OR 死去 OR 逝去 OR 生没年)"		—
p-15p4zpg	鈴木 華織	active			death_not_established	2026-09-05	https://id.ndl.go.jp/auth/ndlna/?qw=%E9%88%B4%E6%9C%A8%E8%8F%AF%E7%B9%94&g=personalNames&num=100	0	"""鈴木華織"" (訃報 OR 死去 OR 逝去 OR 生没年)"		—
p-15p7dwk	鈴木 邦輝	active			death_not_established	2026-09-05	https://id.ndl.go.jp/auth/ndlna/?qw=%E9%88%B4%E6%9C%A8%E9%82%A6%E8%BC%9D&g=personalNames&num=100	2	"""鈴木邦輝"" (訃報 OR 死去 OR 逝去 OR 生没年)"		—
p-15wtsj1	大矢 京右	active			death_not_established	2026-09-05	https://id.ndl.go.jp/auth/ndlna/?qw=%E5%A4%A7%E7%9F%A2%E4%BA%AC%E5%8F%B3&g=personalNames&num=100	0	"""大矢京右"" (訃報 OR 死去 OR 逝去 OR 生没年)"		—
p-165tq3u	春木 まり子	active			death_not_established	2026-09-05	https://id.ndl.go.jp/auth/ndlna/?qw=%E6%98%A5%E6%9C%A8%E3%81%BE%E3%82%8A%E5%AD%90&g=personalNames&num=100	0	"""春木まり子"" (訃報 OR 死去 OR 逝去 OR 生没年)"		—
p-16gziul	松田 宏介	active			death_not_established	2026-09-05	https://id.ndl.go.jp/auth/ndlna/?qw=%E6%9D%BE%E7%94%B0%E5%AE%8F%E4%BB%8B&g=personalNames&num=100	1	"""松田宏介"" (訃報 OR 死去 OR 逝去 OR 生没年)"		—
p-16iqb0n	墨谷 真澄	active			death_not_established	2026-09-05	https://id.ndl.go.jp/auth/ndlna/?qw=%E5%A2%A8%E8%B0%B7%E7%9C%9F%E6%BE%84&g=personalNames&num=100	0	"""墨谷真澄"" (訃報 OR 死去 OR 逝去 OR 生没年)"		—
p-17c61nk	英雄 切替	active		2021	death_supported	2026-09-05	https://id.ndl.go.jp/auth/ndlna/?qw=%E8%8B%B1%E9%9B%84%E5%88%87%E6%9B%BF&g=personalNames&num=100	0	"""英雄切替"" (訃報 OR 死去 OR 逝去 OR 生没年)"	https://doi.org/10.1163/25898833-12340047	—
p-17ykr4g	蓑島 栄紀	active			death_not_established	2026-09-05	https://id.ndl.go.jp/auth/ndlna/?qw=%E8%93%91%E5%B3%B6%E6%A0%84%E7%B4%80&g=personalNames&num=100	1	"""蓑島栄紀"" (訃報 OR 死去 OR 逝去 OR 生没年)"		—
p-187swy5	Осипова Марина Викторовна	active			death_not_established	2026-09-05	https://id.ndl.go.jp/auth/ndlna/?qw=%D0%9E%D1%81%D0%B8%D0%BF%D0%BE%D0%B2%D0%B0%20%D0%9C%D0%B0%D1%80%D0%B8%D0%BD%D0%B0%20%D0%92%D0%B8%D0%BA%D1%82%D0%BE%D1%80%D0%BE%D0%B2%D0%BD%D0%B0&g=personalNames&num=100	0	"""Осипова Марина Викторовна"" (obituary OR died OR ""passed away"")"		—
p-18cdb7j	並木 翔太郎	active			death_not_established	2026-09-05	https://id.ndl.go.jp/auth/ndlna/?qw=%E4%B8%A6%E6%9C%A8%E7%BF%94%E5%A4%AA%E9%83%8E&g=personalNames&num=100	0	"""並木翔太郎"" (訃報 OR 死去 OR 逝去 OR 生没年)"		—
p-19hj4z9	欠ヶ端 和也	active			death_not_established	2026-09-05	https://id.ndl.go.jp/auth/ndlna/?qw=%E6%AC%A0%E3%83%B6%E7%AB%AF%E5%92%8C%E4%B9%9F&g=personalNames&num=100	0	"""欠ヶ端和也"" (訃報 OR 死去 OR 逝去 OR 生没年)"		—
p-1avbcz7	三橋 博	active		1991	death_supported	2026-09-05	https://id.ndl.go.jp/auth/ndlna/?qw=%E4%B8%89%E6%A9%8B%E5%8D%9A&g=personalNames&num=100	4	"""三橋博"" (訃報 OR 死去 OR 逝去 OR 生没年)"	https://dl.ndl.go.jp/view/prepareDownload?contentNo=1&itemId=info%3Andljp%2Fpid%2F10758046	—
p-1avld4w	中村 幽	active			death_not_established	2026-09-05	https://id.ndl.go.jp/auth/ndlna/?qw=%E4%B8%AD%E6%9D%91%E5%B9%BD&g=personalNames&num=100	0	"""中村幽"" (訃報 OR 死去 OR 逝去 OR 生没年)"		—
p-1awxh9o	伊勢 寛	active			death_not_established	2026-09-05	https://id.ndl.go.jp/auth/ndlna/?qw=%E4%BC%8A%E5%8B%A2%E5%AF%9B&g=personalNames&num=100	0	"""伊勢寛"" (訃報 OR 死去 OR 逝去 OR 生没年)"		—
p-1b2n71h	中里 巧	active			death_not_established	2026-09-05	https://id.ndl.go.jp/auth/ndlna/?qw=%E4%B8%AD%E9%87%8C%E5%B7%A7&g=personalNames&num=100	1	"""中里巧"" (訃報 OR 死去 OR 逝去 OR 生没年)"		—
p-1b2n8qc	中野 巴	active			death_not_established	2026-09-05	https://id.ndl.go.jp/auth/ndlna/?qw=%E4%B8%AD%E9%87%8E%E5%B7%B4&g=personalNames&num=100	0	"""中野巴"" (訃報 OR 死去 OR 逝去 OR 生没年)"		—
p-1b9d5u9	鏡味 完二	active	1963	1963	existing_death_matches_wikidata	2026-09-05	https://id.ndl.go.jp/auth/ndlna/?qw=%E9%8F%A1%E5%91%B3%E5%AE%8C%E4%BA%8C&g=personalNames&num=100	1		https://www.wikidata.org/wiki/Q133795192	—
p-1babm4k	兼俊明夫	active			death_not_established	2026-09-05	https://id.ndl.go.jp/auth/ndlna/?qw=%E5%85%BC%E4%BF%8A%E6%98%8E%E5%A4%AB&g=personalNames&num=100	0	"""兼俊明夫"" (訃報 OR 死去 OR 逝去 OR 生没年)"		—
p-1bcg76a	呉 松旆	active			death_not_established	2026-09-05	https://id.ndl.go.jp/auth/ndlna/?qw=%E5%91%89%E6%9D%BE%E6%97%86&g=personalNames&num=100	1	"""呉松旆"" (訃報 OR 死去 OR 逝去 OR 生没年)"		—
p-1bj2gjr	前沢 卓	active			death_not_established	2026-09-05	https://id.ndl.go.jp/auth/ndlna/?qw=%E5%89%8D%E6%B2%A2%E5%8D%93&g=personalNames&num=100	1	"""前沢卓"" (訃報 OR 死去 OR 逝去 OR 生没年)"		—
p-1bk86gi	千口 昇	active			death_not_established	2026-09-05	https://id.ndl.go.jp/auth/ndlna/?qw=%E5%8D%83%E5%8F%A3%E6%98%87&g=personalNames&num=100	0	"""千口昇"" (訃報 OR 死去 OR 逝去 OR 生没年)"		—
p-1c6rkvl	土屋 茂	active			death_not_established	2026-09-05	https://id.ndl.go.jp/auth/ndlna/?qw=%E5%9C%9F%E5%B1%8B%E8%8C%82&g=personalNames&num=100	5	"""土屋茂"" (訃報 OR 死去 OR 逝去 OR 生没年)"		—
p-1cbtbaa	鍛治 明香	active			death_not_established	2026-09-05	https://id.ndl.go.jp/auth/ndlna/?qw=%E9%8D%9B%E6%B2%BB%E6%98%8E%E9%A6%99&g=personalNames&num=100	1	"""鍛治明香"" (訃報 OR 死去 OR 逝去 OR 生没年)"		—
p-1cf44kw	石倉 欣二	active			death_not_established	2026-09-05	https://id.ndl.go.jp/auth/ndlna/?qw=%E7%9F%B3%E5%80%89%E6%AC%A3%E4%BA%8C&g=personalNames&num=100	1	"""石倉欣二"" (訃報 OR 死去 OR 逝去 OR 生没年)"		—
p-1cl3ueh	大澤 香	active			death_not_established	2026-09-05	https://id.ndl.go.jp/auth/ndlna/?qw=%E5%A4%A7%E6%BE%A4%E9%A6%99&g=personalNames&num=100	3	"""大澤香"" (訃報 OR 死去 OR 逝去 OR 生没年)"		—
p-1clrtot	塩谷 亨	active			death_not_established	2026-09-05	https://id.ndl.go.jp/auth/ndlna/?qw=%E5%A1%A9%E8%B0%B7%E4%BA%A8&g=personalNames&num=100	1	"""塩谷亨"" (訃報 OR 死去 OR 逝去 OR 生没年)"		—
p-1cnoo6r	増野 光	active			death_not_established	2026-09-05	https://id.ndl.go.jp/auth/ndlna/?qw=%E5%A2%97%E9%87%8E%E5%85%89&g=personalNames&num=100	0	"""増野光"" (訃報 OR 死去 OR 逝去 OR 生没年)"		—
p-1coy4an	ナリタ シュウイチ	active			death_not_established	2026-09-05	https://id.ndl.go.jp/auth/ndlna/?qw=%E3%83%8A%E3%83%AA%E3%82%BF%20%E3%82%B7%E3%83%A5%E3%82%A6%E3%82%A4%E3%83%81&g=personalNames&num=100	1	"""ナリタシュウイチ"" (訃報 OR 死去 OR 逝去 OR 生没年)"		—
p-1cuw446	宮地 鼓	active			death_not_established	2026-09-05	https://id.ndl.go.jp/auth/ndlna/?qw=%E5%AE%AE%E5%9C%B0%E9%BC%93&g=personalNames&num=100	1	"""宮地鼓"" (訃報 OR 死去 OR 逝去 OR 生没年)"		—
p-1cwkgj0	床 州生	active			death_not_established	2026-09-05	https://id.ndl.go.jp/auth/ndlna/?qw=%E5%BA%8A%E5%B7%9E%E7%94%9F&g=personalNames&num=100	0	"""床州生"" (訃報 OR 死去 OR 逝去 OR 生没年)"		—
p-1cy2d4k	小川 広	active			death_not_established	2026-09-05	https://id.ndl.go.jp/auth/ndlna/?qw=%E5%B0%8F%E5%B7%9D%E5%BA%83&g=personalNames&num=100	7	"""小川広"" (訃報 OR 死去 OR 逝去 OR 生没年)"		—
p-1cyxo40	尾崎 功	active			death_not_established	2026-09-05	https://id.ndl.go.jp/auth/ndlna/?qw=%E5%B0%BE%E5%B4%8E%E5%8A%9F&g=personalNames&num=100	3	"""尾崎功"" (訃報 OR 死去 OR 逝去 OR 生没年)"		—
p-1d9nra9	岡部 卓	active			death_not_established	2026-09-05	https://id.ndl.go.jp/auth/ndlna/?qw=%E5%B2%A1%E9%83%A8%E5%8D%93&g=personalNames&num=100	3	"""岡部卓"" (訃報 OR 死去 OR 逝去 OR 生没年)"		—
p-1dcznn	沖野 慎二	active			death_not_established	2026-09-05	https://id.ndl.go.jp/auth/ndlna/?qw=%E6%B2%96%E9%87%8E%E6%85%8E%E4%BA%8C&g=personalNames&num=100	0	"""沖野慎二"" (訃報 OR 死去 OR 逝去 OR 生没年)"		—
p-1dhckok	廣瀬隆人	active			death_not_established	2026-09-05	https://id.ndl.go.jp/auth/ndlna/?qw=%E5%BB%A3%E7%80%AC%E9%9A%86%E4%BA%BA&g=personalNames&num=100	1	"""廣瀬隆人"" (訃報 OR 死去 OR 逝去 OR 生没年)"		—
p-1e99429	東 俊佑	active			death_not_established	2026-09-05	https://id.ndl.go.jp/auth/ndlna/?qw=%E6%9D%B1%E4%BF%8A%E4%BD%91&g=personalNames&num=100	0	"""東俊佑"" (訃報 OR 死去 OR 逝去 OR 生没年)"		—
p-1ehn8nt	森 美典	active			death_not_established	2026-09-05	https://id.ndl.go.jp/auth/ndlna/?qw=%E6%A3%AE%E7%BE%8E%E5%85%B8&g=personalNames&num=100	1	"""森美典"" (訃報 OR 死去 OR 逝去 OR 生没年)"		—
p-1ekqz6t	鎌田 正信	active	1964		identity_corrected	2026-09-05	https://id.ndl.go.jp/auth/ndlna/?qw=%E9%8E%8C%E7%94%B0%E6%AD%A3%E4%BF%A1&g=personalNames&num=100	1	"""鎌田正信"" (訃報 OR 死去 OR 逝去 OR 生没年)"	https://id.ndl.go.jp/auth/ndlna/00527898	道東地方のアイヌ語地名の著者（1923年生）。同名人物の生没年を解除。没年未確認。
p-1epyoxi	杉江 光	active			death_not_established	2026-09-05	https://id.ndl.go.jp/auth/ndlna/?qw=%E6%9D%89%E6%B1%9F%E5%85%89&g=personalNames&num=100	1	"""杉江光"" (訃報 OR 死去 OR 逝去 OR 生没年)"		—
p-1etbux2	日出志 鳴海	active			death_not_established	2026-09-05	https://id.ndl.go.jp/auth/ndlna/?qw=%E6%97%A5%E5%87%BA%E5%BF%97%E9%B3%B4%E6%B5%B7&g=personalNames&num=100	0	"""日出志鳴海"" (訃報 OR 死去 OR 逝去 OR 生没年)"		—
p-1exy4mi	梶浦 浩	active			death_not_established	2026-09-05	https://id.ndl.go.jp/auth/ndlna/?qw=%E6%A2%B6%E6%B5%A6%E6%B5%A9&g=personalNames&num=100	2	"""梶浦浩"" (訃報 OR 死去 OR 逝去 OR 生没年)"		—
p-1ezvvm9	小原 隆幸	active			death_not_established	2026-09-05	https://id.ndl.go.jp/auth/ndlna/?qw=%E5%B0%8F%E5%8E%9F%E9%9A%86%E5%B9%B8&g=personalNames&num=100	1	"""小原隆幸"" (訃報 OR 死去 OR 逝去 OR 生没年)"		—
p-1f5kvww	橋本 潔	active			death_not_established	2026-09-05	https://id.ndl.go.jp/auth/ndlna/?qw=%E6%A9%8B%E6%9C%AC%E6%BD%94&g=personalNames&num=100	3	"""橋本潔"" (訃報 OR 死去 OR 逝去 OR 生没年)"		—
p-1fhspjb	浅井 亨	merged	1986	2006	identity_corrected	2026-09-05	https://id.ndl.go.jp/auth/ndlna/?qw=%E6%B5%85%E4%BA%95%E4%BA%A8&g=personalNames&num=100	1	"""浅井亨"" (訃報 OR 死去 OR 逝去 OR 生没年)"	https://eprints.lib.hokudai.ac.jp/dspace/bitstream/2115/84928/1/05_Ono.pdf	浅井亨の統合済み別レコードにも同じ訂正を適用。
p-1fjb2l0	池田 実	active			death_not_established	2026-09-05	https://id.ndl.go.jp/auth/ndlna/?qw=%E6%B1%A0%E7%94%B0%E5%AE%9F&g=personalNames&num=100	16	"""池田実"" (訃報 OR 死去 OR 逝去 OR 生没年)"		—
p-1fjdt0a	宇梶 静江	merged			death_not_established	2026-09-05	https://id.ndl.go.jp/auth/ndlna/?qw=%E5%AE%87%E6%A2%B6%E9%9D%99%E6%B1%9F&g=personalNames&num=100	2	"""宇梶静江"" (訃報 OR 死去 OR 逝去 OR 生没年)"		—
p-1fmpqxw	上原 正道	active			death_not_established	2026-09-05	https://id.ndl.go.jp/auth/ndlna/?qw=%E4%B8%8A%E5%8E%9F%E6%AD%A3%E9%81%93&g=personalNames&num=100	2	"""上原正道"" (訃報 OR 死去 OR 逝去 OR 生没年)"		—
p-1fu17q9	多氣志樓主人	active			death_not_established	2026-09-05	https://id.ndl.go.jp/auth/ndlna/?qw=%E5%A4%9A%E6%B0%A3%E5%BF%97%E6%A8%93%E4%B8%BB%E4%BA%BA&g=personalNames&num=100	0	"""多氣志樓主人"" (訃報 OR 死去 OR 逝去 OR 生没年)"		—
p-1fxhyqx	瀧下 史	active			death_not_established	2026-09-05	https://id.ndl.go.jp/auth/ndlna/?qw=%E7%80%A7%E4%B8%8B%E5%8F%B2&g=personalNames&num=100	0	"""瀧下史"" (訃報 OR 死去 OR 逝去 OR 生没年)"		—
p-1g2agq6	山下 栄光	active			death_not_established	2026-09-05	https://id.ndl.go.jp/auth/ndlna/?qw=%E5%B1%B1%E4%B8%8B%E6%A0%84%E5%85%89&g=personalNames&num=100	1	"""山下栄光"" (訃報 OR 死去 OR 逝去 OR 生没年)"		—
p-1g2da7z	山下 真悟	active			death_not_established	2026-09-05	https://id.ndl.go.jp/auth/ndlna/?qw=%E5%B1%B1%E4%B8%8B%E7%9C%9F%E6%82%9F&g=personalNames&num=100	0	"""山下真悟"" (訃報 OR 死去 OR 逝去 OR 生没年)"		—
p-1g3g6l0	山丸 賢雄	active			death_not_established	2026-09-05	https://id.ndl.go.jp/auth/ndlna/?qw=%E5%B1%B1%E4%B8%B8%E8%B3%A2%E9%9B%84&g=personalNames&num=100	1	"""山丸賢雄"" (訃報 OR 死去 OR 逝去 OR 生没年)"		—
p-1geswer	石橋 俊實	active		1991	death_supported	2026-09-05	https://id.ndl.go.jp/auth/ndlna/?qw=%E7%9F%B3%E6%A9%8B%E4%BF%8A%E5%AF%A6&g=personalNames&num=100	1	"""石橋俊實"" (訃報 OR 死去 OR 逝去 OR 生没年)"	https://id.ndl.go.jp/auth/ndlna/00020331	—
p-1gkpt1n	イヤス シリヤ	active			death_not_established	2026-09-05	https://id.ndl.go.jp/auth/ndlna/?qw=%E3%82%A4%E3%83%A4%E3%82%B9%20%E3%82%B7%E3%83%AA%E3%83%A4&g=personalNames&num=100	0	"""イヤスシリヤ"" (訃報 OR 死去 OR 逝去 OR 生没年)"		—
p-1gpzz1i	畑佐 満	active			death_not_established	2026-09-05	https://id.ndl.go.jp/auth/ndlna/?qw=%E7%95%91%E4%BD%90%E6%BA%80&g=personalNames&num=100	1	"""畑佐満"" (訃報 OR 死去 OR 逝去 OR 生没年)"		—
p-1gunmdd	田澤 守	active			death_not_established	2026-09-05	https://id.ndl.go.jp/auth/ndlna/?qw=%E7%94%B0%E6%BE%A4%E5%AE%88&g=personalNames&num=100	1	"""田澤守"" (訃報 OR 死去 OR 逝去 OR 生没年)"		—
p-1gxsmy4	由良 勇	active			death_not_established	2026-09-05	https://id.ndl.go.jp/auth/ndlna/?qw=%E7%94%B1%E8%89%AF%E5%8B%87&g=personalNames&num=100	1	"""由良勇"" (訃報 OR 死去 OR 逝去 OR 生没年)"		—
p-1gy7bfv	山口 和彦	active			death_not_established	2026-09-05	https://id.ndl.go.jp/auth/ndlna/?qw=%E5%B1%B1%E5%8F%A3%E5%92%8C%E5%BD%A6&g=personalNames&num=100	5	"""山口和彦"" (訃報 OR 死去 OR 逝去 OR 生没年)"		—
p-1h7mpe9	下川 苔地	active			death_not_established	2026-09-05	https://id.ndl.go.jp/auth/ndlna/?qw=%E4%B8%8B%E5%B7%9D%E8%8B%94%E5%9C%B0&g=personalNames&num=100	1	"""下川苔地"" (訃報 OR 死去 OR 逝去 OR 生没年)"		—
p-1hcevqu	尾崎 喜光	active			death_not_established	2026-09-05	https://id.ndl.go.jp/auth/ndlna/?qw=%E5%B0%BE%E5%B4%8E%E5%96%9C%E5%85%89&g=personalNames&num=100	1	"""尾崎喜光"" (訃報 OR 死去 OR 逝去 OR 生没年)"		—
p-1hmrc4r	筒井 功	active			death_not_established	2026-09-05	https://id.ndl.go.jp/auth/ndlna/?qw=%E7%AD%92%E4%BA%95%E5%8A%9F&g=personalNames&num=100	2	"""筒井功"" (訃報 OR 死去 OR 逝去 OR 生没年)"		—
p-1hnx9qy	阿部 長三郎	active			death_not_established	2026-09-05	https://id.ndl.go.jp/auth/ndlna/?qw=%E9%98%BF%E9%83%A8%E9%95%B7%E4%B8%89%E9%83%8E&g=personalNames&num=100	1	"""阿部 長三郎"" (訃報 OR 死去 OR 逝去 OR 生没年) | ""阿部長三郎"" 訃報 死去"		—
p-1hvppjg	丸山 隆司	active			death_not_established	2026-09-05	https://id.ndl.go.jp/auth/ndlna/?qw=%E4%B8%B8%E5%B1%B1%E9%9A%86%E5%8F%B8&g=personalNames&num=100	2	"""丸山隆司"" (訃報 OR 死去 OR 逝去 OR 生没年)"		—
p-1hw7p2a	丸山 隆司	active			death_not_established	2026-09-05	https://id.ndl.go.jp/auth/ndlna/?qw=%E4%B8%B8%E5%B1%B1%EF%A7%9C%E5%8F%B8&g=personalNames&num=100	2	"""丸山隆司"" (訃報 OR 死去 OR 逝去 OR 生没年)"		—
p-1i0xg02	小林 和夫	active			death_not_established	2026-09-05	https://id.ndl.go.jp/auth/ndlna/?qw=%E5%B0%8F%E6%9E%97%E5%92%8C%E5%A4%AB&g=personalNames&num=100	16	"""小林和夫"" (訃報 OR 死去 OR 逝去 OR 生没年)"		—
p-1i159kw	小林 耕一	active			death_not_established	2026-09-05	https://id.ndl.go.jp/auth/ndlna/?qw=%E5%B0%8F%E6%9E%97%E8%80%95%E4%B8%80&g=personalNames&num=100	0	"""小林耕一"" (訃報 OR 死去 OR 逝去 OR 生没年)"		—
p-1i361g2	小柳 誠之	active			death_not_established	2026-09-05	https://id.ndl.go.jp/auth/ndlna/?qw=%E5%B0%8F%E6%9F%B3%E8%AA%A0%E4%B9%8B&g=personalNames&num=100	0	"""小柳誠之"" (訃報 OR 死去 OR 逝去 OR 生没年)"		—
p-1iix9fs	ジョン・バチラー	active		1944	death_supported	2026-09-05	https://id.ndl.go.jp/auth/ndlna/?qw=%E3%82%B8%E3%83%A7%E3%83%B3%E3%83%BB%E3%83%90%E3%83%81%E3%83%A9%E3%83%BC&g=personalNames&num=100	1	"""ジョン・バチラー"" (訃報 OR 死去 OR 逝去 OR 生没年)"	https://id.ndl.go.jp/auth/ndlna/00432504	—
p-1iwaxi2	若月 亨	active			death_not_established	2026-09-05	https://id.ndl.go.jp/auth/ndlna/?qw=%E8%8B%A5%E6%9C%88%E4%BA%A8&g=personalNames&num=100	1	"""若月亨"" (訃報 OR 死去 OR 逝去 OR 生没年)"		—
p-1ixvufv	菅原 進	active			death_not_established	2026-09-05	https://id.ndl.go.jp/auth/ndlna/?qw=%E8%8F%85%E5%8E%9F%E9%80%B2&g=personalNames&num=100	6	"""菅原進"" (訃報 OR 死去 OR 逝去 OR 生没年)"		—
p-1j8u2n8	上武 和臣	active			death_not_established	2026-09-05	https://id.ndl.go.jp/auth/ndlna/?qw=%E4%B8%8A%E6%AD%A6%E5%92%8C%E8%87%A3&g=personalNames&num=100	0	"""上武和臣"" (訃報 OR 死去 OR 逝去 OR 生没年)"		—
p-1jj1xvq	三浦 亜耶	active			death_not_established	2026-09-05	https://id.ndl.go.jp/auth/ndlna/?qw=%E4%B8%89%E6%B5%A6%E4%BA%9C%E8%80%B6&g=personalNames&num=100	0	"""三浦亜耶"" (訃報 OR 死去 OR 逝去 OR 生没年)"		—
p-1jwkn23	岩佐 奈々子	active			death_not_established	2026-09-05	https://id.ndl.go.jp/auth/ndlna/?qw=%E5%B2%A9%E4%BD%90%E5%A5%88%E3%80%85%E5%AD%90&g=personalNames&num=100	0	"""岩佐奈々子"" (訃報 OR 死去 OR 逝去 OR 生没年)"		—
p-1kl2r4i	中澤 道三	active			death_not_established	2026-09-05	https://id.ndl.go.jp/auth/ndlna/?qw=%E4%B8%AD%E6%BE%A4%E9%81%93%E4%B8%89&g=personalNames&num=100	1	"""中澤道三"" (訃報 OR 死去 OR 逝去 OR 生没年)"		—
p-1ktul8c	岡本 武雄	active			death_not_established	2026-09-05	https://id.ndl.go.jp/auth/ndlna/?qw=%E5%B2%A1%E6%9C%AC%E6%AD%A6%E9%9B%84&g=personalNames&num=100	2	"""岡本武雄"" (訃報 OR 死去 OR 逝去 OR 生没年)"		—
p-1kxg80o	槻舘 尚武	active			death_not_established	2026-09-05	https://id.ndl.go.jp/auth/ndlna/?qw=%E6%A7%BB%E8%88%98%E5%B0%9A%E6%AD%A6&g=personalNames&num=100	0	"""槻舘尚武"" (訃報 OR 死去 OR 逝去 OR 生没年)"		—
p-1l86b0i	鈴木 仁	active			death_not_established	2026-09-05	https://id.ndl.go.jp/auth/ndlna/?qw=%E9%88%B4%E6%9C%A8%E4%BB%81&g=personalNames&num=100	23	"""鈴木仁"" (訃報 OR 死去 OR 逝去 OR 生没年)"		—
p-1l8orb9	鈴木明世	active			death_not_established	2026-09-05	https://id.ndl.go.jp/auth/ndlna/?qw=%E9%88%B4%E6%9C%A8%E6%98%8E%E4%B8%96&g=personalNames&num=100	0	"""鈴木明世"" (訃報 OR 死去 OR 逝去 OR 生没年)"		—
p-1lf7xk2	中田 恭平	active			death_not_established	2026-09-05	https://id.ndl.go.jp/auth/ndlna/?qw=%E4%B8%AD%E7%94%B0%E6%81%AD%E5%B9%B3&g=personalNames&num=100	0	"""中田恭平"" (訃報 OR 死去 OR 逝去 OR 生没年)"		—
p-1lg7zk7	中畠 孝幸	active			death_not_established	2026-09-05	https://id.ndl.go.jp/auth/ndlna/?qw=%E4%B8%AD%E7%95%A0%E5%AD%9D%E5%B9%B8&g=personalNames&num=100	0	"""中畠孝幸"" (訃報 OR 死去 OR 逝去 OR 生没年)"		—
p-1llynl7	長井 博	active			death_unconfirmed_identity_review	2026-09-05	https://id.ndl.go.jp/auth/ndlna/?qw=%E9%95%B7%E4%BA%95%E5%8D%9A&g=personalNames&num=100	2	"""長井博"" (訃報 OR 死去 OR 逝去 OR 生没年)"		NDL00137684の1943年生の著者。1930–2024年の映画関係者と区別。
p-1lodgy3	長崎 郁	active			death_not_established	2026-09-05	https://id.ndl.go.jp/auth/ndlna/?qw=%E9%95%B7%E5%B4%8E%E9%83%81&g=personalNames&num=100	1	"""長崎郁"" (訃報 OR 死去 OR 逝去 OR 生没年)"		—
p-1m0sbcb	山田 祥一	active			death_unconfirmed_identity_review	2026-09-05	https://id.ndl.go.jp/auth/ndlna/?qw=%E5%B1%B1%E7%94%B0%E7%A5%A5%E4%B8%80&g=personalNames&num=100	2	"""山田祥一"" (訃報 OR 死去 OR 逝去 OR 生没年)"		言語学の2008年発表記録あり。1931–2003年の同名英文学者と区別。
p-1m0sdnz	山田 秀三	merged	1992	1992	existing_death_matches_wikidata	2026-09-05	https://id.ndl.go.jp/auth/ndlna/?qw=%E5%B1%B1%E7%94%B0%E7%A7%80%E4%B8%89&g=personalNames&num=100	4		https://www.wikidata.org/wiki/Q11470585	—
p-1mjn4tu	高柳 茂	active			death_unconfirmed_identity_review	2026-09-05	https://id.ndl.go.jp/auth/ndlna/?qw=%E9%AB%98%E6%9F%B3%E8%8C%82&g=personalNames&num=100	3	"""高柳茂"" (訃報 OR 死去 OR 逝去 OR 生没年)"		地理学関係著作。1926–2014年の哲学者・将積茂との同一性を確認できず。
p-1mxux2y	豊岡 喜一郎	active			death_not_established	2026-09-05	https://id.ndl.go.jp/auth/ndlna/?qw=%E8%B1%8A%E5%B2%A1%E5%96%9C%E4%B8%80%E9%83%8E&g=personalNames&num=100	0	"""豊岡喜一郎"" (訃報 OR 死去 OR 逝去 OR 生没年)"		—
p-1myvkr1	山辺 安之助	merged	1923	1923	existing_death_matches_wikidata	2026-09-05	https://id.ndl.go.jp/auth/ndlna/?qw=%E5%B1%B1%E8%BE%BA%E5%AE%89%E4%B9%8B%E5%8A%A9&g=personalNames&num=100	1		https://www.wikidata.org/wiki/Q11470984	—
p-1n213a8	寺田 吉孝[訳]	active			death_not_established	2026-09-05	https://id.ndl.go.jp/auth/ndlna/?qw=%E5%AF%BA%E7%94%B0%E5%90%89%E5%AD%9D%5B%E8%A8%B3%5D&g=personalNames&num=100	0	"""寺田吉孝[訳]"" (訃報 OR 死去 OR 逝去 OR 生没年)"		—
p-1n77u3o	川上 将史	active			death_not_established	2026-09-05	https://id.ndl.go.jp/auth/ndlna/?qw=%E5%B7%9D%E4%B8%8A%E5%B0%86%E5%8F%B2&g=personalNames&num=100	0	"""川上将史"" (訃報 OR 死去 OR 逝去 OR 生没年)"		—
p-1nen1vw	島津 礼子	active			death_not_established	2026-09-05	https://id.ndl.go.jp/auth/ndlna/?qw=%E5%B3%B6%E6%B4%A5%E7%A4%BC%E5%AD%90&g=personalNames&num=100	0	"""島津礼子"" (訃報 OR 死去 OR 逝去 OR 生没年)"		—
p-1nkxafa	佐川 年秀	active			death_not_established	2026-09-05	https://id.ndl.go.jp/auth/ndlna/?qw=%E4%BD%90%E5%B7%9D%E5%B9%B4%E7%A7%80&g=personalNames&num=100	1	"""佐川年秀"" (訃報 OR 死去 OR 逝去 OR 生没年)"		—
p-1nliw67	小谷 凱宣	active		2019	death_supported	2026-09-05	https://id.ndl.go.jp/auth/ndlna/?qw=%E5%B0%8F%E8%B0%B7%E5%87%B1%E5%AE%A3&g=personalNames&num=100	1	"""小谷凱宣"" (訃報 OR 死去 OR 逝去 OR 生没年)"	https://id.ndl.go.jp/auth/ndlna/00121713	—
p-1nobjlt	木名瀬 高嗣	active			death_not_established	2026-09-05	https://id.ndl.go.jp/auth/ndlna/?qw=%E6%9C%A8%E5%90%8D%E7%80%AC%E9%AB%98%E5%97%A3&g=personalNames&num=100	1	"""木名瀬高嗣"" (訃報 OR 死去 OR 逝去 OR 生没年)"		—
p-1o7hzxb	長田 祐季	active			death_not_established	2026-09-05	https://id.ndl.go.jp/auth/ndlna/?qw=%E9%95%B7%E7%94%B0%E7%A5%90%E5%AD%A3&g=personalNames&num=100	0	"""長田祐季"" (訃報 OR 死去 OR 逝去 OR 生没年)"		—
p-1omusa0	島田 静雄	active			death_not_established	2026-09-05	https://id.ndl.go.jp/auth/ndlna/?qw=%E5%B3%B6%E7%94%B0%E9%9D%99%E9%9B%84&g=personalNames&num=100	1	"""島田静雄"" (訃報 OR 死去 OR 逝去 OR 生没年)"		—
p-1oqavzn	金沢 庄三郎	merged	1967	1967	existing_death_matches_wikidata	2026-09-05	https://id.ndl.go.jp/auth/ndlna/?qw=%E9%87%91%E6%B2%A2%E5%BA%84%E4%B8%89%E9%83%8E&g=personalNames&num=100	1		https://www.wikidata.org/wiki/Q11647465	—
p-1owqqtz	井上 善十郎	active		1961	death_supported	2026-09-05	https://id.ndl.go.jp/auth/ndlna/?qw=%E4%BA%95%E4%B8%8A%E5%96%84%E5%8D%81%E9%83%8E&g=personalNames&num=100	1	"""井上善十郎"" (訃報 OR 死去 OR 逝去 OR 生没年)"	https://id.ndl.go.jp/auth/ndlna/00019923	—
p-1p39exq	上野 愛理	active			death_not_established	2026-09-05	https://id.ndl.go.jp/auth/ndlna/?qw=%E4%B8%8A%E9%87%8E%E6%84%9B%E7%90%86&g=personalNames&num=100	0	"""上野愛理"" (訃報 OR 死去 OR 逝去 OR 生没年)"		—
p-1p7zrli	仙石 裕子	active			death_not_established	2026-09-05	https://id.ndl.go.jp/auth/ndlna/?qw=%E4%BB%99%E7%9F%B3%E8%A3%95%E5%AD%90&g=personalNames&num=100	0	"""仙石裕子"" (訃報 OR 死去 OR 逝去 OR 生没年)"		—
p-1p89kig	坂田 亜里沙	active			death_not_established	2026-09-05	https://id.ndl.go.jp/auth/ndlna/?qw=%E5%9D%82%E7%94%B0%E4%BA%9C%E9%87%8C%E6%B2%99&g=personalNames&num=100	0	"""坂田亜里沙"" (訃報 OR 死去 OR 逝去 OR 生没年)"		—
p-1prw9wa	中野 克良	active			death_not_established	2026-09-05	https://id.ndl.go.jp/auth/ndlna/?qw=%E4%B8%AD%E9%87%8E%E5%85%8B%E8%89%AF&g=personalNames&num=100	0	"""中野克良"" (訃報 OR 死去 OR 逝去 OR 生没年)"		—
p-1pt2eas	村﨑 恭子	active			death_not_established	2026-09-05	https://id.ndl.go.jp/auth/ndlna/?qw=%E6%9D%91%EF%A8%91%E6%81%AD%E5%AD%90&g=personalNames&num=100	1	"""村﨑恭子"" (訃報 OR 死去 OR 逝去 OR 生没年)"		—
p-1pw3zjc	伊藤 初太郎	active			death_not_established	2026-09-05	https://id.ndl.go.jp/auth/ndlna/?qw=%E4%BC%8A%E8%97%A4%E5%88%9D%E5%A4%AA%E9%83%8E&g=personalNames&num=100	0	"""伊藤初太郎"" (訃報 OR 死去 OR 逝去 OR 生没年)"		—
p-1q8kgfm	帝国学士院	active			death_not_established	2026-09-05	https://id.ndl.go.jp/auth/ndlna/?qw=%E5%B8%9D%E5%9B%BD%E5%AD%A6%E5%A3%AB%E9%99%A2&g=personalNames&num=100	0	"""帝国学士院"" (訃報 OR 死去 OR 逝去 OR 生没年)"		—
p-1qevig6	寺本 千名夫	active			death_not_established	2026-09-05	https://id.ndl.go.jp/auth/ndlna/?qw=%E5%AF%BA%E6%9C%AC%E5%8D%83%E5%90%8D%E5%A4%AB&g=personalNames&num=100	1	"""寺本千名夫"" (訃報 OR 死去 OR 逝去 OR 生没年)"		—
p-1qsdo77	二谷 国松	active		1960	death_supported	2026-09-05	https://id.ndl.go.jp/auth/ndlna/?qw=%E4%BA%8C%E8%B0%B7%E5%9B%BD%E6%9D%BE&g=personalNames&num=100	1	"""二谷国松"" (訃報 OR 死去 OR 逝去 OR 生没年)"	https://id.ndl.go.jp/auth/ndlna/001202351	—
p-1r1lqct	川村 久恵	active			death_not_established	2026-09-05	https://id.ndl.go.jp/auth/ndlna/?qw=%E5%B7%9D%E6%9D%91%E4%B9%85%E6%81%B5&g=personalNames&num=100	0	"""川村久恵"" (訃報 OR 死去 OR 逝去 OR 生没年)"		—
p-1r1qwie	川村 正一	active			death_not_established	2026-09-05	https://id.ndl.go.jp/auth/ndlna/?qw=%E5%B7%9D%E6%9D%91%E6%AD%A3%E4%B8%80&g=personalNames&num=100	2	"""川村正一"" (訃報 OR 死去 OR 逝去 OR 生没年)"		—
p-1r6enj9	岡部 方幾	active			death_not_established	2026-09-05	https://id.ndl.go.jp/auth/ndlna/?qw=%E5%B2%A1%E9%83%A8%E6%96%B9%E5%B9%BE&g=personalNames&num=100	0	"""岡部方幾"" (訃報 OR 死去 OR 逝去 OR 生没年)"		—
p-1rc07us	高倉 新一郎	merged	1990	1990	existing_death_matches_wikidata	2026-09-05	https://id.ndl.go.jp/auth/ndlna/?qw=%E9%AB%98%E5%80%89%E6%96%B0%E4%B8%80%E9%83%8E&g=personalNames&num=100	1		https://www.wikidata.org/wiki/Q11668777	—
p-1ril0bu	河原 達也	merged			death_not_established	2026-09-05	https://id.ndl.go.jp/auth/ndlna/?qw=%E6%B2%B3%E5%8E%9F%E9%81%94%E4%B9%9F&g=personalNames&num=100	2	"""河原達也"" (訃報 OR 死去 OR 逝去 OR 生没年)"		—
p-1s1xuvx	河野 本道選	active			death_not_established	2026-09-05	https://id.ndl.go.jp/auth/ndlna/?qw=%E6%B2%B3%E9%87%8E%E6%9C%AC%E9%81%93%E9%81%B8&g=personalNames&num=100	0	"""河野本道選"" (訃報 OR 死去 OR 逝去 OR 生没年)"		—
p-1t0p9g6	平賀 エテノア	active		1960	death_supported	2026-09-05	https://id.ndl.go.jp/auth/ndlna/?qw=%E5%B9%B3%E8%B3%80%E3%82%A8%E3%83%86%E3%83%8E%E3%82%A2&g=personalNames&num=100	1	"""平賀エテノア"" (訃報 OR 死去 OR 逝去 OR 生没年)"	https://id.ndl.go.jp/auth/ndlna/001202349	—
p-1to67i7	佐藤 忠悦	active			death_not_established	2026-09-05	https://id.ndl.go.jp/auth/ndlna/?qw=%E4%BD%90%E8%97%A4%E5%BF%A0%E6%82%A6&g=personalNames&num=100	1	"""佐藤忠悦"" (訃報 OR 死去 OR 逝去 OR 生没年)"		—
p-1toajjl	佐藤 知巳	active			death_not_established	2026-09-05	https://id.ndl.go.jp/auth/ndlna/?qw=%E4%BD%90%E8%97%A4%E7%9F%A5%E5%B7%B3&g=personalNames&num=100	2	"""佐藤知巳"" (訃報 OR 死去 OR 逝去 OR 生没年)"		—
p-1vdwlmy	青木 愛子	active		1995	death_supported	2026-09-05	https://id.ndl.go.jp/auth/ndlna/?qw=%E9%9D%92%E6%9C%A8%E6%84%9B%E5%AD%90&g=personalNames&num=100	1	"""青木愛子"" (訃報 OR 死去 OR 逝去 OR 生没年)"	https://id.ndl.go.jp/auth/ndlna/00136781	—
p-1ve2u2k	青木 茂治	active			death_not_established	2026-09-05	https://id.ndl.go.jp/auth/ndlna/?qw=%E9%9D%92%E6%9C%A8%E8%8C%82%E6%B2%BB&g=personalNames&num=100	1	"""青木茂治"" (訃報 OR 死去 OR 逝去 OR 生没年)"		—
p-1vg5icr	西島 てる	active	1988	1988	death_supported	2026-09-05	https://id.ndl.go.jp/auth/ndlna/?qw=%E8%A5%BF%E5%B3%B6%E3%81%A6%E3%82%8B&g=personalNames&num=100	0		https://ainu-center.hm.pref.hokkaido.lg.jp/kankou/kiyou/pdf/kiyou11-04.pdf	—
p-1w11480	浜守 杏奈	active			death_not_established	2026-09-05	https://id.ndl.go.jp/auth/ndlna/?qw=%E6%B5%9C%E5%AE%88%E6%9D%8F%E5%A5%88&g=personalNames&num=100	0	"""浜守杏奈"" (訃報 OR 死去 OR 逝去 OR 生没年)"		—
p-1wrm8x0	立石 信一	active			death_not_established	2026-09-05	https://id.ndl.go.jp/auth/ndlna/?qw=%E7%AB%8B%E7%9F%B3%E4%BF%A1%E4%B8%80&g=personalNames&num=100	0	"""立石信一"" (訃報 OR 死去 OR 逝去 OR 生没年)"		—
p-1wrmcss	立石 久雄	active			death_not_established	2026-09-05	https://id.ndl.go.jp/auth/ndlna/?qw=%E7%AB%8B%E7%9F%B3%E4%B9%85%E9%9B%84&g=personalNames&num=100	1	"""立石久雄"" (訃報 OR 死去 OR 逝去 OR 生没年)"		—
p-1x34rk8	Сэцухико ЯСУДА	active			death_not_established	2026-09-05	https://id.ndl.go.jp/auth/ndlna/?qw=%D0%A1%D1%8D%D1%86%D1%83%D1%85%D0%B8%D0%BA%D0%BE%20%D0%AF%D0%A1%D0%A3%D0%94%D0%90&g=personalNames&num=100	0	"""Сэцухико ЯСУДА"" (obituary OR died OR ""passed away"")"		—
p-1xtz98	河野 広道	merged	1963	1963	existing_death_matches_wikidata	2026-09-05	https://id.ndl.go.jp/auth/ndlna/?qw=%E6%B2%B3%E9%87%8E%E5%BA%83%E9%81%93&g=personalNames&num=100	1		https://www.wikidata.org/wiki/Q5770576	—
p-1y2rjz2	Валиев Джамшед Абдурасулович	active			death_not_established	2026-09-05	https://id.ndl.go.jp/auth/ndlna/?qw=%D0%92%D0%B0%D0%BB%D0%B8%D0%B5%D0%B2%20%D0%94%D0%B6%D0%B0%D0%BC%D1%88%D0%B5%D0%B4%20%D0%90%D0%B1%D0%B4%D1%83%D1%80%D0%B0%D1%81%D1%83%D0%BB%D0%BE%D0%B2%D0%B8%D1%87&g=personalNames&num=100	0	"""Валиев Джамшед Абдурасулович"" (obituary OR died OR ""passed away"")"		—
p-1yumqo7	津田 命子	active			death_not_established	2026-09-05	https://id.ndl.go.jp/auth/ndlna/?qw=%E6%B4%A5%E7%94%B0%E5%91%BD%E5%AD%90&g=personalNames&num=100	1	"""津田命子"" (訃報 OR 死去 OR 逝去 OR 生没年)"		—
p-30hnss	クライナー ヨーゼフ	active			death_not_established	2026-09-05	https://id.ndl.go.jp/auth/ndlna/?qw=%E3%82%AF%E3%83%A9%E3%82%A4%E3%83%8A%E3%83%BC%20%E3%83%A8%E3%83%BC%E3%82%BC%E3%83%95&g=personalNames&num=100	1	"""クライナーヨーゼフ"" (訃報 OR 死去 OR 逝去 OR 生没年)"		—
p-33mypx	モコットゥナㇱ	active			death_not_established	2026-09-05	https://id.ndl.go.jp/auth/ndlna/?qw=%E3%83%A2%E3%82%B3%E3%83%83%E3%83%88%E3%82%A5%E3%83%8A%E3%87%B1&g=personalNames&num=100	2	"""モコットゥナㇱ"" (訃報 OR 死去 OR 逝去 OR 生没年)"		—
p-34nem	倉重 裕美	active			death_not_established	2026-09-05	https://id.ndl.go.jp/auth/ndlna/?qw=%E5%80%89%E9%87%8D%E8%A3%95%E7%BE%8E&g=personalNames&num=100	0	"""倉重裕美"" (訃報 OR 死去 OR 逝去 OR 生没年)"		—
p-3kz7ca	南 収	active			death_not_established	2026-09-05	https://id.ndl.go.jp/auth/ndlna/?qw=%E5%8D%97%E5%8F%8E&g=personalNames&num=100	0	"""南収"" (訃報 OR 死去 OR 逝去 OR 生没年)"		—
p-3u7nms	袖上生	active			death_not_established	2026-09-05	https://id.ndl.go.jp/auth/ndlna/?qw=%E8%A2%96%E4%B8%8A%E7%94%9F&g=personalNames&num=100	0	"""袖上生"" (訃報 OR 死去 OR 逝去 OR 生没年)"		—
p-3x3ob	北原	active			death_not_established	2026-09-05	https://id.ndl.go.jp/auth/ndlna/?qw=%E5%8C%97%E5%8E%9F&g=personalNames&num=100	100	"""北原"" (訃報 OR 死去 OR 逝去 OR 生没年)"		—
p-6ghjis	北原次郎太	merged			death_not_established	2026-09-05	https://id.ndl.go.jp/auth/ndlna/?qw=%E5%8C%97%E5%8E%9F%E6%AC%A1%E9%83%8E%E5%A4%AA&g=personalNames&num=100	2	"""北原次郎太"" (訃報 OR 死去 OR 逝去 OR 生没年)"		—
p-6yv07m	Гафорова Тахмина Сатторовна	active			death_not_established	2026-09-05	https://id.ndl.go.jp/auth/ndlna/?qw=%D0%93%D0%B0%D1%84%D0%BE%D1%80%D0%BE%D0%B2%D0%B0%20%D0%A2%D0%B0%D1%85%D0%BC%D0%B8%D0%BD%D0%B0%20%D0%A1%D0%B0%D1%82%D1%82%D0%BE%D1%80%D0%BE%D0%B2%D0%BD%D0%B0&g=personalNames&num=100	0	"""Гафорова Тахмина Сатторовна"" (obituary OR died OR ""passed away"")"		—
p-70s9t4	八重 九郎	active		1978	death_supported	2026-09-05	https://id.ndl.go.jp/auth/ndlna/?qw=%E5%85%AB%E9%87%8D%E4%B9%9D%E9%83%8E&g=personalNames&num=100	0	"""八重九郎"" (訃報 OR 死去 OR 逝去 OR 生没年)"	https://www.hm.pref.hokkaido.lg.jp/wp-content/uploads/2025/01/bulletin_ACRC_vol7_04_p051_071.pdf | https://library.gpwu.ac.jp/opac/library?func=function.opacsch.toshoshozodsp&shoshino=1000004312&shoshisbt=1	—
p-73vdv3	前田 耕司	merged			death_not_established	2026-09-05	https://id.ndl.go.jp/auth/ndlna/?qw=%E5%89%8D%E7%94%B0%E8%80%95%E5%8F%B8&g=personalNames&num=100	1	"""前田耕司"" (訃報 OR 死去 OR 逝去 OR 生没年)"		—
p-754y3m	小林 房太郎	active		1937	death_supported	2026-09-05	https://id.ndl.go.jp/auth/ndlna/?qw=%E5%B0%8F%E6%9E%97%E6%88%BF%E5%A4%AA%E9%83%8E&g=personalNames&num=100	1	"""小林房太郎"" (訃報 OR 死去 OR 逝去 OR 生没年)"	https://id.ndl.go.jp/auth/ndlna/00033052	—
p-79rn4z	北尾 浩一	active			death_not_established	2026-09-05	https://id.ndl.go.jp/auth/ndlna/?qw=%E5%8C%97%E5%B0%BE%E6%B5%A9%E4%B8%80&g=personalNames&num=100	1	"""北尾浩一"" (訃報 OR 死去 OR 逝去 OR 生没年)"		—
p-7gxsyg	北嶋 由紀	active			death_not_established	2026-09-05	https://id.ndl.go.jp/auth/ndlna/?qw=%E5%8C%97%E5%B6%8B%E7%94%B1%E7%B4%80&g=personalNames&num=100	2	"""北嶋由紀"" (訃報 OR 死去 OR 逝去 OR 生没年)"		—
p-9d1qfm	はまおか のりこ	active			death_not_established	2026-09-05	https://id.ndl.go.jp/auth/ndlna/?qw=%E3%81%AF%E3%81%BE%E3%81%8A%E3%81%8B%20%E3%81%AE%E3%82%8A%E3%81%93&g=personalNames&num=100	1	"""はまおかのりこ"" (訃報 OR 死去 OR 逝去 OR 生没年)"		—
p-9u49vf	北洞 孝雄	active			death_unconfirmed_identity_review	2026-09-05	https://id.ndl.go.jp/auth/ndlna/?qw=%E5%8C%97%E6%B4%9E%E5%AD%9D%E9%9B%84&g=personalNames&num=100	1	"""北洞孝雄"" (訃報 OR 死去 OR 逝去 OR 生没年)"		元北海道新聞社常務の2013年没を示す追悼サイトあり。一次資料による確認を保留。
p-9v6b8s	Мирниёзов А. К.	active			death_not_established	2026-09-05	https://id.ndl.go.jp/auth/ndlna/?qw=%D0%9C%D0%B8%D1%80%D0%BD%D0%B8%D1%91%D0%B7%D0%BE%D0%B2%20%D0%90.%20%D0%9A.&g=personalNames&num=100	0	"""Мирниёзов А. К."" (obituary OR died OR ""passed away"")"		—
p-a9jl3o	Йоситака ТЭРАДА	active			death_not_established	2026-09-05	https://id.ndl.go.jp/auth/ndlna/?qw=%D0%99%D0%BE%D1%81%D0%B8%D1%82%D0%B0%D0%BA%D0%B0%20%D0%A2%D0%AD%D0%A0%D0%90%D0%94%D0%90&g=personalNames&num=100	0	"""Йоситака ТЭРАДА"" (obituary OR died OR ""passed away"")"		—
p-ay1sl9	飯野 正典	active			death_not_established	2026-09-05	https://id.ndl.go.jp/auth/ndlna/?qw=%E9%A3%AF%E9%87%8E%E6%AD%A3%E5%85%B8&g=personalNames&num=100	1	"""飯野正典"" (訃報 OR 死去 OR 逝去 OR 生没年)"		—
p-b9qpuy	加藤 博文	merged			death_not_established	2026-09-05	https://id.ndl.go.jp/auth/ndlna/?qw=%E5%8A%A0%E8%97%A4%E5%8D%9A%E6%96%87&g=personalNames&num=100	1	"""加藤 博文"" (訃報 OR 死去 OR 逝去 OR 生没年) | ""加藤博文"" 訃報 死去"		—
p-bmjmr7	谷本 一之	merged	2009	2009	existing_death_matches_wikidata	2026-09-05	https://id.ndl.go.jp/auth/ndlna/?qw=%E8%B0%B7%E6%9C%AC%E4%B8%80%E4%B9%8B&g=personalNames&num=100	1		https://www.wikidata.org/wiki/Q11632936	—
p-bywmz3	Имамбердиева Саломат Менгликуловна	active			death_not_established	2026-09-05	https://id.ndl.go.jp/auth/ndlna/?qw=%D0%98%D0%BC%D0%B0%D0%BC%D0%B1%D0%B5%D1%80%D0%B4%D0%B8%D0%B5%D0%B2%D0%B0%20%D0%A1%D0%B0%D0%BB%D0%BE%D0%BC%D0%B0%D1%82%20%D0%9C%D0%B5%D0%BD%D0%B3%D0%BB%D0%B8%D0%BA%D1%83%D0%BB%D0%BE%D0%B2%D0%BD%D0%B0&g=personalNames&num=100	0	"""Имамбердиева Саломат Менгликуловна"" (obituary OR died OR ""passed away"")"		—
p-c4w1s9	瀬戸 成子	active			death_not_established	2026-09-05	https://id.ndl.go.jp/auth/ndlna/?qw=%E7%80%AC%E6%88%B8%E6%88%90%E5%AD%90&g=personalNames&num=100	0	"""瀬戸成子"" (訃報 OR 死去 OR 逝去 OR 生没年)"		—
p-c4y57k	瀬戸 海惠	active			death_not_established	2026-09-05	https://id.ndl.go.jp/auth/ndlna/?qw=%E7%80%AC%E6%88%B8%E6%B5%B7%E6%83%A0&g=personalNames&num=100	0	"""瀬戸海惠"" (訃報 OR 死去 OR 逝去 OR 生没年)"		—
p-cgadvd	戸川 貴之	active			death_not_established	2026-09-05	https://id.ndl.go.jp/auth/ndlna/?qw=%E6%88%B8%E5%B7%9D%E8%B2%B4%E4%B9%8B&g=personalNames&num=100	0	"""戸川貴之"" (訃報 OR 死去 OR 逝去 OR 生没年)"		—
p-ch68k3	太田マルクオッカイ満	active		2020	death_supported	2026-09-05	https://id.ndl.go.jp/auth/ndlna/?qw=%E5%A4%AA%E7%94%B0%E3%83%9E%E3%83%AB%E3%82%AF%E3%82%AA%E3%83%83%E3%82%AB%E3%82%A4%E6%BA%80&g=personalNames&num=100	0	"""太田マルクオッカイ満"" (訃報 OR 死去 OR 逝去 OR 生没年)"	https://eprints.lib.hokudai.ac.jp/repo/huscap/all/87707/Mitsuru%20Oota_Japanese-Ainu%20Dictionary%28Draft%20Ver.%29_.pdf	—
p-e80k7j	千葉 伸彦	active			death_not_established	2026-09-05	https://id.ndl.go.jp/auth/ndlna/?qw=%E5%8D%83%E8%91%89%E4%BC%B8%E5%BD%A6&g=personalNames&num=100	1	"""千葉伸彦"" (訃報 OR 死去 OR 逝去 OR 生没年)"		—
p-f2z1gj	横山 むつみ	merged	2016	2016	existing_death_matches_wikidata	2026-09-05	https://id.ndl.go.jp/auth/ndlna/?qw=%E6%A8%AA%E5%B1%B1%E3%82%80%E3%81%A4%E3%81%BF&g=personalNames&num=100	1		https://www.wikidata.org/wiki/Q128896159	—
p-f77x97	北道 邦彦	active			death_not_established	2026-09-05	https://id.ndl.go.jp/auth/ndlna/?qw=%E5%8C%97%E9%81%93%E9%82%A6%E5%BD%A6&g=personalNames&num=100	1	"""北道邦彦"" (訃報 OR 死去 OR 逝去 OR 生没年)"		—
p-f7krcf	成田 得平	active			death_not_established	2026-09-05	https://id.ndl.go.jp/auth/ndlna/?qw=%E6%88%90%E7%94%B0%E5%BE%97%E5%B9%B3&g=personalNames&num=100	1	"""成田得平"" (訃報 OR 死去 OR 逝去 OR 生没年)"		—
p-gitgqw	打田 元輝	active			death_not_established	2026-09-05	https://id.ndl.go.jp/auth/ndlna/?qw=%E6%89%93%E7%94%B0%E5%85%83%E8%BC%9D&g=personalNames&num=100	0	"""打田元輝"" (訃報 OR 死去 OR 逝去 OR 生没年)"		—
p-h6ymt5	Каримова Шарифхуджа	active			death_not_established	2026-09-05	https://id.ndl.go.jp/auth/ndlna/?qw=%D0%9A%D0%B0%D1%80%D0%B8%D0%BC%D0%BE%D0%B2%D0%B0%20%D0%A8%D0%B0%D1%80%D0%B8%D1%84%D1%85%D1%83%D0%B4%D0%B6%D0%B0&g=personalNames&num=100	0	"""Каримова Шарифхуджа"" (obituary OR died OR ""passed away"")"		—
p-idpctl	シン ウォンジ	active			death_not_established	2026-09-05	https://id.ndl.go.jp/auth/ndlna/?qw=%E3%82%B7%E3%83%B3%20%E3%82%A6%E3%82%A9%E3%83%B3%E3%82%B8&g=personalNames&num=100	0	"""シンウォンジ"" (訃報 OR 死去 OR 逝去 OR 生没年)"		—
p-jg0yjt	喜多 直人	active			death_not_established	2026-09-05	https://id.ndl.go.jp/auth/ndlna/?qw=%E5%96%9C%E5%A4%9A%E7%9B%B4%E4%BA%BA&g=personalNames&num=100	0	"""喜多直人"" (訃報 OR 死去 OR 逝去 OR 生没年)"		—
p-k7l165	戸部 千春	active			death_not_established	2026-09-05	https://id.ndl.go.jp/auth/ndlna/?qw=%E6%88%B8%E9%83%A8%E5%8D%83%E6%98%A5&g=personalNames&num=100	1	"""戸部千春"" (訃報 OR 死去 OR 逝去 OR 生没年)"		—
p-kbsdtj	西﨑 専一	active			death_not_established	2026-09-05	https://id.ndl.go.jp/auth/ndlna/?qw=%E8%A5%BF%EF%A8%91%E5%B0%82%E4%B8%80&g=personalNames&num=100	1	"""西﨑専一"" (訃報 OR 死去 OR 逝去 OR 生没年)"		—
p-kjevsf	高野 繁廣	active			death_not_established	2026-09-05	https://id.ndl.go.jp/auth/ndlna/?qw=%E9%AB%98%E9%87%8E%E7%B9%81%E5%BB%A3&g=personalNames&num=100	0	"""高野繁廣"" (訃報 OR 死去 OR 逝去 OR 生没年)"		—
p-kmjzaq	川村 シンリツ・エオリパック・アイヌ	active	2021	2021	death_supported	2026-09-05	https://id.ndl.go.jp/auth/ndlna/?qw=%E5%B7%9D%E6%9D%91%E3%82%B7%E3%83%B3%E3%83%AA%E3%83%84%E3%83%BB%E3%82%A8%E3%82%AA%E3%83%AA%E3%83%91%E3%83%83%E3%82%AF%E3%83%BB%E3%82%A2%E3%82%A4%E3%83%8C&g=personalNames&num=100	0		https://ryukyushimpo.jp/column/entry-1297506.html	—
p-l1k9nn	羽深 久夫	active			death_not_established	2026-09-05	https://id.ndl.go.jp/auth/ndlna/?qw=%E7%BE%BD%E6%B7%B1%E4%B9%85%E5%A4%AB&g=personalNames&num=100	0	"""羽深久夫"" (訃報 OR 死去 OR 逝去 OR 生没年)"		—
p-lc9any	今石 みぎわ	active			death_not_established	2026-09-05	https://id.ndl.go.jp/auth/ndlna/?qw=%E4%BB%8A%E7%9F%B3%E3%81%BF%E3%81%8E%E3%82%8F&g=personalNames&num=100	1	"""今石みぎわ"" (訃報 OR 死去 OR 逝去 OR 生没年)"		—
p-mhjk5r	白老町 (北海道)	active			death_not_established	2026-09-05	https://id.ndl.go.jp/auth/ndlna/?qw=%E7%99%BD%E8%80%81%E7%94%BA%28%E5%8C%97%E6%B5%B7%E9%81%93%29&g=personalNames&num=100	0	"""白老町(北海道)"" (訃報 OR 死去 OR 逝去 OR 生没年)"		—
p-mp1g3v	鳥居 龍藏	merged	1953	1953	existing_death_matches_wikidata	2026-09-05	https://id.ndl.go.jp/auth/ndlna/?qw=%E9%B3%A5%E5%B1%85%E9%BE%8D%E8%97%8F&g=personalNames&num=100	1		https://www.wikidata.org/wiki/Q707532	—
p-n3f6iu	狩俣 恵一	active			death_not_established	2026-09-05	https://id.ndl.go.jp/auth/ndlna/?qw=%E7%8B%A9%E4%BF%A3%E6%81%B5%E4%B8%80&g=personalNames&num=100	1	"""狩俣恵一"" (訃報 OR 死去 OR 逝去 OR 生没年)"		—
p-pfh2dq	土井 勝典	active			death_not_established	2026-09-05	https://id.ndl.go.jp/auth/ndlna/?qw=%E5%9C%9F%E4%BA%95%E5%8B%9D%E5%85%B8&g=personalNames&num=100	0	"""土井勝典"" (訃報 OR 死去 OR 逝去 OR 生没年)"		—
p-ppm4a7	安田 節彦[訳]	active			death_not_established	2026-09-05	https://id.ndl.go.jp/auth/ndlna/?qw=%E5%AE%89%E7%94%B0%E7%AF%80%E5%BD%A6%5B%E8%A8%B3%5D&g=personalNames&num=100	0	"""安田節彦[訳]"" (訃報 OR 死去 OR 逝去 OR 生没年)"		—
p-q25d75	四宅 ヤエ	active	1980	1980	existing_death_matches_wikidata	2026-09-05	https://id.ndl.go.jp/auth/ndlna/?qw=%E5%9B%9B%E5%AE%85%E3%83%A4%E3%82%A8&g=personalNames&num=100	1		https://www.wikidata.org/wiki/Q116999733	—
p-s5616a	玉山 成元	active			death_not_established	2026-09-05	https://id.ndl.go.jp/auth/ndlna/?qw=%E7%8E%89%E5%B1%B1%E6%88%90%E5%85%83&g=personalNames&num=100	1	"""玉山成元"" (訃報 OR 死去 OR 逝去 OR 生没年)"		—
p-smb1hw	能登 千織	active			death_not_established	2026-09-05	https://id.ndl.go.jp/auth/ndlna/?qw=%E8%83%BD%E7%99%BB%E5%8D%83%E7%B9%94&g=personalNames&num=100	0	"""能登千織"" (訃報 OR 死去 OR 逝去 OR 生没年)"		—
p-tcs8zz	道合 裕基	active			death_not_established	2026-09-05	https://id.ndl.go.jp/auth/ndlna/?qw=%E9%81%93%E5%90%88%E8%A3%95%E5%9F%BA&g=personalNames&num=100	0	"""道合裕基"" (訃報 OR 死去 OR 逝去 OR 生没年)"		—
p-tuy84r	坂本 恵衣	active			death_not_established	2026-09-05	https://id.ndl.go.jp/auth/ndlna/?qw=%E5%9D%82%E6%9C%AC%E6%81%B5%E8%A1%A3&g=personalNames&num=100	0	"""坂本恵衣"" (訃報 OR 死去 OR 逝去 OR 生没年)"		—
p-u0mwi1	すず子 田村	active		2015	death_supported	2026-09-05	https://id.ndl.go.jp/auth/ndlna/?qw=%E3%81%99%E3%81%9A%E5%AD%90%E7%94%B0%E6%9D%91&g=personalNames&num=100	0	"""すず子田村"" (訃報 OR 死去 OR 逝去 OR 生没年)"	https://linguistlist.org/issues/26/26-3603/	—
p-x4n5eb	狩野 義美	active			death_not_established	2026-09-05	https://id.ndl.go.jp/auth/ndlna/?qw=%E7%8B%A9%E9%87%8E%E7%BE%A9%E7%BE%8E&g=personalNames&num=100	1	"""狩野義美"" (訃報 OR 死去 OR 逝去 OR 生没年)"		—
p-xgwq0d	保健体育専攻音楽分野	active			death_not_established	2026-09-05	https://id.ndl.go.jp/auth/ndlna/?qw=%E4%BF%9D%E5%81%A5%E4%BD%93%E8%82%B2%E5%B0%82%E6%94%BB%E9%9F%B3%E6%A5%BD%E5%88%86%E9%87%8E&g=personalNames&num=100	0	"""保健体育専攻音楽分野"" (訃報 OR 死去 OR 逝去 OR 生没年)"		—
p-y0a5qq	四辻 一朗	active			death_not_established	2026-09-05	https://id.ndl.go.jp/auth/ndlna/?qw=%E5%9B%9B%E8%BE%BB%E4%B8%80%E6%9C%97&g=personalNames&num=100	1	"""四辻一朗"" (訃報 OR 死去 OR 逝去 OR 生没年)"		—
p-y2rdpz	地蔵 慶護	active		2010	death_supported	2026-09-05	https://id.ndl.go.jp/auth/ndlna/?qw=%E5%9C%B0%E8%94%B5%E6%85%B6%E8%AD%B7&g=personalNames&num=100	1	"""地蔵慶護"" (訃報 OR 死去 OR 逝去 OR 生没年)"	https://id.ndl.go.jp/auth/ndlna/00162153	—
p-y9ma1q	田中 勝也	active			death_not_established	2026-09-05	https://id.ndl.go.jp/auth/ndlna/?qw=%E7%94%B0%E4%B8%AD%E5%8B%9D%E4%B9%9F&g=personalNames&num=100	2	"""田中勝也"" (訃報 OR 死去 OR 逝去 OR 生没年)"		—
p-yiokn0	鹿田 川見	active			death_not_established	2026-09-05	https://id.ndl.go.jp/auth/ndlna/?qw=%E9%B9%BF%E7%94%B0%E5%B7%9D%E8%A6%8B&g=personalNames&num=100	0	"""鹿田川見"" (訃報 OR 死去 OR 逝去 OR 生没年)"		—
p-yj098k	早田 国光	active			death_not_established	2026-09-05	https://id.ndl.go.jp/auth/ndlna/?qw=%E6%97%A9%E7%94%B0%E5%9B%BD%E5%85%89&g=personalNames&num=100	1	"""早田国光"" (訃報 OR 死去 OR 逝去 OR 生没年)"		—
p-ynb2tw	徹辺 重次郎	active			death_not_established	2026-09-05	https://id.ndl.go.jp/auth/ndlna/?qw=%E5%BE%B9%E8%BE%BA%E9%87%8D%E6%AC%A1%E9%83%8E&g=personalNames&num=100	0	"""徹辺重次郎"" (訃報 OR 死去 OR 逝去 OR 生没年)"		—
p-yrdqvb	Е. С. Чекункова	active			death_not_established	2026-09-05	https://id.ndl.go.jp/auth/ndlna/?qw=%D0%95.%20%D0%A1.%20%D0%A7%D0%B5%D0%BA%D1%83%D0%BD%D0%BA%D0%BE%D0%B2%D0%B0&g=personalNames&num=100	0	"""Е. С. Чекункова"" (obituary OR died OR ""passed away"")"		—
p-ywxeun	畑中 友次	active			death_not_established	2026-09-05	https://id.ndl.go.jp/auth/ndlna/?qw=%E7%95%91%E4%B8%AD%E5%8F%8B%E6%AC%A1&g=personalNames&num=100	1	"""畑中友次"" (訃報 OR 死去 OR 逝去 OR 生没年)"		—
p-yy1781	北嶋 由紀（イサイカ）	active			death_not_established	2026-09-05	https://id.ndl.go.jp/auth/ndlna/?qw=%E5%8C%97%E5%B6%8B%E7%94%B1%E7%B4%80%EF%BC%88%E3%82%A4%E3%82%B5%E3%82%A4%E3%82%AB%EF%BC%89&g=personalNames&num=100	0	"""北嶋由紀（イサイカ）"" (訃報 OR 死去 OR 逝去 OR 生没年)"		—
p-z25ghv	是澤 櫻子	active			death_not_established	2026-09-05	https://id.ndl.go.jp/auth/ndlna/?qw=%E6%98%AF%E6%BE%A4%E6%AB%BB%E5%AD%90&g=personalNames&num=100	0	"""是澤櫻子"" (訃報 OR 死去 OR 逝去 OR 生没年)"		—
p-z77k06	Хакимов Насим Саъдуллоевич	active			death_not_established	2026-09-05	https://id.ndl.go.jp/auth/ndlna/?qw=%D0%A5%D0%B0%D0%BA%D0%B8%D0%BC%D0%BE%D0%B2%20%D0%9D%D0%B0%D1%81%D0%B8%D0%BC%20%D0%A1%D0%B0%D1%8A%D0%B4%D1%83%D0%BB%D0%BB%D0%BE%D0%B5%D0%B2%D0%B8%D1%87&g=personalNames&num=100	0	"""Хакимов Насим Саъдуллоевич"" (obituary OR died OR ""passed away"")"		—
p-zczg8j	英才 白石	active			death_not_established	2026-09-05	https://id.ndl.go.jp/auth/ndlna/?qw=%E8%8B%B1%E6%89%8D%E7%99%BD%E7%9F%B3&g=personalNames&num=100	0	"""英才白石"" (訃報 OR 死去 OR 逝去 OR 生没年)"		—
p-zo7x46	明石 一紀	active			death_not_established	2026-09-05	https://id.ndl.go.jp/auth/ndlna/?qw=%E6%98%8E%E7%9F%B3%E4%B8%80%E7%B4%80&g=personalNames&num=100	1	"""明石一紀"" (訃報 OR 死去 OR 逝去 OR 生没年)"		—
p-zu0j3h	荻原 眞子	merged			death_not_established	2026-09-05	https://id.ndl.go.jp/auth/ndlna/?qw=%E8%8D%BB%E5%8E%9F%E7%9C%9E%E5%AD%90&g=personalNames&num=100	1	"""荻原眞子"" (訃報 OR 死去 OR 逝去 OR 生没年)"		—
p-zxb1g8	若林 和夫	active			death_not_established	2026-09-05	https://id.ndl.go.jp/auth/ndlna/?qw=%E8%8B%A5%E6%9E%97%E5%92%8C%E5%A4%AB&g=personalNames&num=100	0	"""若林和夫"" (訃報 OR 死去 OR 逝去 OR 生没年)"		—
patrick-heinrich	Patrick Heinrich	active			death_not_established	2026-09-05	https://id.ndl.go.jp/auth/ndlna/?qw=Patrick%20Heinrich&g=personalNames&num=100	1	"""Patrick Heinrich"" (obituary OR died OR ""passed away"")"		—
penrek	ペンレㇰ	active			death_not_established	2026-09-05	https://id.ndl.go.jp/auth/ndlna/?qw=%E3%83%9A%E3%83%B3%E3%83%AC%E3%87%B0&g=personalNames&num=100	0	"""ペンレㇰ"" (訃報 OR 死去 OR 逝去 OR 生没年)"		—
peter-geiser	Peter Geiser	active			death_not_established	2026-09-05	https://id.ndl.go.jp/auth/ndlna/?qw=Peter%20Geiser&g=personalNames&num=100	0	"""Peter Geiser"" (obituary OR died OR ""passed away"")"		—
pilsudski	Pilsudski	active			death_unconfirmed_identity_review	2026-09-05	https://id.ndl.go.jp/auth/ndlna/?qw=Pilsudski&g=personalNames&num=100	0	"""Pilsudski"" (obituary OR died OR ""passed away"")"		姓のみの引用レコード。Bronisław Piłsudskiとの同一性に追加確認が必要。
pon-huci	ポン・フチ	active			death_not_established	2026-09-05	https://id.ndl.go.jp/auth/ndlna/?qw=%E3%83%9D%E3%83%B3%E3%83%BB%E3%83%95%E3%83%81&g=personalNames&num=100	2	"""ポン・フチ"" (訃報 OR 死去 OR 逝去 OR 生没年)"		—
poronay	ポロナイ	active			death_not_established	2026-09-05	https://id.ndl.go.jp/auth/ndlna/?qw=%E3%83%9D%E3%83%AD%E3%83%8A%E3%82%A4&g=personalNames&num=100	0	"""ポロナイ"" (訃報 OR 死去 OR 逝去 OR 生没年)"		—
ptaszynski-michal	Ptaszynski Michal	active			death_not_established	2026-09-05	https://id.ndl.go.jp/auth/ndlna/?qw=Ptaszynski%20Michal&g=personalNames&num=100	0	"""Ptaszynski Michal"" (obituary OR died OR ""passed away"")"		—
rariw	ラリウ	active			death_not_established	2026-09-05	https://id.ndl.go.jp/auth/ndlna/?qw=%E3%83%A9%E3%83%AA%E3%82%A6&g=personalNames&num=100	1	"""ラリウ"" (訃報 OR 死去 OR 逝去 OR 生没年)"		—
refsing	Refsing	active		2023	death_supported	2026-09-05	https://id.ndl.go.jp/auth/ndlna/?qw=Refsing&g=personalNames&num=100	1	"""Refsing"" (obituary OR died OR ""passed away"")"	https://pressto.amu.edu.pl/index.php/linpo/article/view/46190	—
retannay	レタンナイ	active			death_not_established	2026-09-05	https://id.ndl.go.jp/auth/ndlna/?qw=%E3%83%AC%E3%82%BF%E3%83%B3%E3%83%8A%E3%82%A4&g=personalNames&num=100	0	"""レタンナイ"" (訃報 OR 死去 OR 逝去 OR 生没年)"		—
richard-siddle	Richard Siddle	active			death_not_established	2026-09-05	https://id.ndl.go.jp/auth/ndlna/?qw=Richard%20Siddle&g=personalNames&num=100	1	"""Richard Siddle"" (obituary OR died OR ""passed away"")"		—
richard-w-howell	Richard W. Howell	active			death_not_established	2026-09-05	https://id.ndl.go.jp/auth/ndlna/?qw=Richard%20W.%20Howell&g=personalNames&num=100	0	"""Richard W. Howell"" (obituary OR died OR ""passed away"")"		—
rikkoppe	リッコッペ	active			death_not_established	2026-09-05	https://id.ndl.go.jp/auth/ndlna/?qw=%E3%83%AA%E3%83%83%E3%82%B3%E3%83%83%E3%83%9A&g=personalNames&num=100	0	"""リッコッペ"" (訃報 OR 死去 OR 逝去 OR 生没年)"		—
roslynn-ang	Roslynn Ang	active			death_not_established	2026-09-05	https://id.ndl.go.jp/auth/ndlna/?qw=Roslynn%20Ang&g=personalNames&num=100	0	"""Roslynn Ang"" (obituary OR died OR ""passed away"")"		—
ryo-michiko	寮 美千子	active			death_not_established	2026-09-05	https://id.ndl.go.jp/auth/ndlna/?qw=%E5%AF%AE%E7%BE%8E%E5%8D%83%E5%AD%90&g=personalNames&num=100	1	"""寮美千子"" (訃報 OR 死去 OR 逝去 OR 生没年)"		—
ryuzo-torii	鳥居 龍藏	active	1953	1953	existing_death_matches_wikidata	2026-09-05	https://id.ndl.go.jp/auth/ndlna/?qw=%E9%B3%A5%E5%B1%85%E9%BE%8D%E8%97%8F&g=personalNames&num=100	1		https://www.wikidata.org/wiki/Q707532	—
s-itoh	S. Itoh	active			death_not_established	2026-09-05	https://id.ndl.go.jp/auth/ndlna/?qw=S.%20Itoh&g=personalNames&num=100	1	"""S. Itoh"" (obituary OR died OR ""passed away"")"		—
saana-santalahti	Saana Santalahti	active			death_not_established	2026-09-05	https://id.ndl.go.jp/auth/ndlna/?qw=Saana%20Santalahti&g=personalNames&num=100	0	"""Saana Santalahti"" (obituary OR died OR ""passed away"")"		—
saga-ayami	佐賀 彩美	active			death_not_established	2026-09-05	https://id.ndl.go.jp/auth/ndlna/?qw=%E4%BD%90%E8%B3%80%E5%BD%A9%E7%BE%8E&g=personalNames&num=100	0	"""佐賀彩美"" (訃報 OR 死去 OR 逝去 OR 生没年)"		—
saikaku-sadayoshi	西鶴 定嘉	active		1989	death_supported	2026-09-05	https://id.ndl.go.jp/auth/ndlna/?qw=%E8%A5%BF%E9%B6%B4%E5%AE%9A%E5%98%89&g=personalNames&num=100	1	"""西鶴定嘉"" (訃報 OR 死去 OR 逝去 OR 生没年)"	https://id.ndl.go.jp/auth/ndlna/00055559	—
saito-hiroyuki	斎藤博之	active	1987	1987	existing_death_matches_wikidata	2026-09-05	https://id.ndl.go.jp/auth/ndlna/?qw=%E6%96%8E%E8%97%A4%E5%8D%9A%E4%B9%8B&g=personalNames&num=100	4		https://www.wikidata.org/wiki/Q11500501	—
saito-reiko	齋藤 玲子	active			death_not_established	2026-09-05	https://id.ndl.go.jp/auth/ndlna/?qw=%E9%BD%8B%E8%97%A4%E7%8E%B2%E5%AD%90&g=personalNames&num=100	6	"""齋藤玲子"" (訃報 OR 死去 OR 逝去 OR 生没年)"		—
sakaguchi-ryo	阪口 諒	active			death_not_established	2026-09-05	https://id.ndl.go.jp/auth/ndlna/?qw=%E9%98%AA%E5%8F%A3%E8%AB%92&g=personalNames&num=100	1	"""阪口諒"" (訃報 OR 死去 OR 逝去 OR 生没年)"		—
sakakibara-masafumi	榊原 正文	active			death_not_established	2026-09-05	https://id.ndl.go.jp/auth/ndlna/?qw=%E6%A6%8A%E5%8E%9F%E6%AD%A3%E6%96%87&g=personalNames&num=100	1	"""榊原正文"" (訃報 OR 死去 OR 逝去 OR 生没年)"		—
sakitani-mitsuru	崎谷 満	active			death_not_established	2026-09-05	https://id.ndl.go.jp/auth/ndlna/?qw=%E5%B4%8E%E8%B0%B7%E6%BA%80&g=personalNames&num=100	1	"""崎谷満"" (訃報 OR 死去 OR 逝去 OR 生没年)"		—
sakuma-manabu	佐久間 学	active			death_not_established	2026-09-05	https://id.ndl.go.jp/auth/ndlna/?qw=%E4%BD%90%E4%B9%85%E9%96%93%E5%AD%A6&g=personalNames&num=100	0	"""佐久間学"" (訃報 OR 死去 OR 逝去 OR 生没年)"		—
sakurai-kiyohiko	桜井 清彦	active	2010	2010	existing_death_matches_wikidata	2026-09-05	https://id.ndl.go.jp/auth/ndlna/?qw=%E6%A1%9C%E4%BA%95%E6%B8%85%E5%BD%A6&g=personalNames&num=100	1		https://www.wikidata.org/wiki/Q11537847	—
sakurai-yoshihide	櫻井 義秀	active			death_not_established	2026-09-05	https://id.ndl.go.jp/auth/ndlna/?qw=%E6%AB%BB%E4%BA%95%E7%BE%A9%E7%A7%80&g=personalNames&num=100	1	"""櫻井義秀"" (訃報 OR 死去 OR 逝去 OR 生没年)"		—
sarah-m-strong	Sarah M. Strong	active			death_not_established	2026-09-05	https://id.ndl.go.jp/auth/ndlna/?qw=Sarah%20M.%20Strong&g=personalNames&num=100	1	"""Sarah M. Strong"" (obituary OR died OR ""passed away"")"		—
sasaki-kan	佐々木 冠	active			death_not_established	2026-09-05	https://id.ndl.go.jp/auth/ndlna/?qw=%E4%BD%90%E3%80%85%E6%9C%A8%E5%86%A0&g=personalNames&num=100	1	"""佐々木冠"" (訃報 OR 死去 OR 逝去 OR 生没年)"		—
sasaki-kotaro	佐々木 弘太郎	active			death_not_established	2026-09-05	https://id.ndl.go.jp/auth/ndlna/?qw=%E4%BD%90%E3%80%85%E6%9C%A8%E5%BC%98%E5%A4%AA%E9%83%8E&g=personalNames&num=100	1	"""佐々木弘太郎"" (訃報 OR 死去 OR 逝去 OR 生没年)"		—
sasaki-shiro	佐々木 史郎	active			death_not_established	2026-09-05	https://id.ndl.go.jp/auth/ndlna/?qw=%E4%BD%90%E3%80%85%E6%9C%A8%E5%8F%B2%E9%83%8E&g=personalNames&num=100	4	"""佐々木史郎"" (訃報 OR 死去 OR 逝去 OR 生没年)"		—
sasaki-toshikazu	佐々木 利和	active			death_not_established	2026-09-05	https://id.ndl.go.jp/auth/ndlna/?qw=%E4%BD%90%E3%80%85%E6%9C%A8%E5%88%A9%E5%92%8C&g=personalNames&num=100	1	"""佐々木利和"" (訃報 OR 死去 OR 逝去 OR 生没年)"		—
sasakura-irumi	笹倉 いる美	active			death_not_established	2026-09-05	https://id.ndl.go.jp/auth/ndlna/?qw=%E7%AC%B9%E5%80%89%E3%81%84%E3%82%8B%E7%BE%8E&g=personalNames&num=100	0	"""笹倉いる美"" (訃報 OR 死去 OR 逝去 OR 生没年)"		—
sato-masahiko	佐藤 昌彦	active			death_not_established	2026-09-05	https://id.ndl.go.jp/auth/ndlna/?qw=%E4%BD%90%E8%97%A4%E6%98%8C%E5%BD%A6&g=personalNames&num=100	3	"""佐藤昌彦"" (訃報 OR 死去 OR 逝去 OR 生没年)"		—
sato-naotaro	佐藤 直太郎	active			death_not_established	2026-09-05	https://id.ndl.go.jp/auth/ndlna/?qw=%E4%BD%90%E8%97%A4%E7%9B%B4%E5%A4%AA%E9%83%8E&g=personalNames&num=100	2	"""佐藤直太郎"" (訃報 OR 死去 OR 逝去 OR 生没年)"		—
sato-sachiko	佐藤 幸子	active			death_not_established	2026-09-05	https://id.ndl.go.jp/auth/ndlna/?qw=%E4%BD%90%E8%97%A4%E5%B9%B8%E5%AD%90&g=personalNames&num=100	14	"""佐藤幸子"" (訃報 OR 死去 OR 逝去 OR 生没年)"		—
sato-tomomi	佐藤 知己	active			death_not_established	2026-09-05	https://id.ndl.go.jp/auth/ndlna/?qw=%E4%BD%90%E8%97%A4%E7%9F%A5%E5%B7%B1&g=personalNames&num=100	2	"""佐藤知己"" (訃報 OR 死去 OR 逝去 OR 生没年)"		—
sawai-harumi	澤井 春美	active			death_not_established	2026-09-05	https://id.ndl.go.jp/auth/ndlna/?qw=%E6%BE%A4%E4%BA%95%E6%98%A5%E7%BE%8E&g=personalNames&num=100	0	"""澤井春美"" (訃報 OR 死去 OR 逝去 OR 生没年)"		—
sawai-masatoshi	澤井 政敏	active			death_not_established	2026-09-05	https://id.ndl.go.jp/auth/ndlna/?qw=%E6%BE%A4%E4%BA%95%E6%94%BF%E6%95%8F&g=personalNames&num=100	0	"""澤井政敏"" (訃報 OR 死去 OR 逝去 OR 生没年)"		—
sawai-tomeno	沢井 トメノ	active			death_not_established	2026-09-05	https://id.ndl.go.jp/auth/ndlna/?qw=%E6%B2%A2%E4%BA%95%E3%83%88%E3%83%A1%E3%83%8E&g=personalNames&num=100	1	"""沢井トメノ"" (訃報 OR 死去 OR 逝去 OR 生没年)"		—
sean-lee	Sean Lee	active			death_not_established	2026-09-05	https://id.ndl.go.jp/auth/ndlna/?qw=Sean%20Lee&g=personalNames&num=100	1	"""Sean Lee"" (obituary OR died OR ""passed away"")"		—
segawa-kiyoko	瀬川 清子	active	1984	1984	existing_death_matches_wikidata	2026-09-05	https://id.ndl.go.jp/auth/ndlna/?qw=%E7%80%AC%E5%B7%9D%E6%B8%85%E5%AD%90&g=personalNames&num=100	1		https://www.wikidata.org/wiki/Q11566488	—
segawa-takuro	瀬川 拓郎	active			death_not_established	2026-09-05	https://id.ndl.go.jp/auth/ndlna/?qw=%E7%80%AC%E5%B7%9D%E6%8B%93%E9%83%8E&g=personalNames&num=100	1	"""瀬川拓郎"" (訃報 OR 死去 OR 逝去 OR 生没年)"		—
seino-haruki	清野 春樹	active			death_not_established	2026-09-05	https://id.ndl.go.jp/auth/ndlna/?qw=%E6%B8%85%E9%87%8E%E6%98%A5%E6%A8%B9&g=personalNames&num=100	1	"""清野春樹"" (訃報 OR 死去 OR 逝去 OR 生没年)"		—
seki-masanori	關 政則	active			death_not_established	2026-09-05	https://id.ndl.go.jp/auth/ndlna/?qw=%E9%97%9C%E6%94%BF%E5%89%87&g=personalNames&num=100	0	"""關政則"" (訃報 OR 死去 OR 逝去 OR 生没年)"		—
sekiguchi-yoshihiko	関口 由彦	active			death_not_established	2026-09-05	https://id.ndl.go.jp/auth/ndlna/?qw=%E9%96%A2%E5%8F%A3%E7%94%B1%E5%BD%A6&g=personalNames&num=100	1	"""関口由彦"" (訃報 OR 死去 OR 逝去 OR 生没年)"		—
sekine-kenji	関根 健司	active			death_not_established	2026-09-05	https://id.ndl.go.jp/auth/ndlna/?qw=%E9%96%A2%E6%A0%B9%E5%81%A5%E5%8F%B8&g=personalNames&num=100	1	"""関根健司"" (訃報 OR 死去 OR 逝去 OR 生没年)"		—
sekine-maya	関根 摩耶	active			death_not_established	2026-09-05	https://id.ndl.go.jp/auth/ndlna/?qw=%E9%96%A2%E6%A0%B9%E6%91%A9%E8%80%B6&g=personalNames&num=100	0	"""関根摩耶"" (訃報 OR 死去 OR 逝去 OR 生没年)"		—
sekine-tatsuhito	関根 達人	active			death_not_established	2026-09-05	https://id.ndl.go.jp/auth/ndlna/?qw=%E9%96%A2%E6%A0%B9%E9%81%94%E4%BA%BA&g=personalNames&num=100	1	"""関根達人"" (訃報 OR 死去 OR 逝去 OR 生没年)"		—
sentoku-taroji	千徳 太郎治	active	1929	1929	existing_death_matches_wikidata	2026-09-05	https://id.ndl.go.jp/auth/ndlna/?qw=%E5%8D%83%E5%BE%B3%E5%A4%AA%E9%83%8E%E6%B2%BB&g=personalNames&num=100	1		https://www.wikidata.org/wiki/Q17228949	—
senuma-hajime	Senuma Hajime	active			death_not_established	2026-09-05	https://id.ndl.go.jp/auth/ndlna/?qw=Senuma%20Hajime&g=personalNames&num=100	0	"""Senuma Hajime"" (obituary OR died OR ""passed away"")"		—
shibatani-masayoshi	Shibatani Masayoshi	active			death_not_established	2026-09-05	https://id.ndl.go.jp/auth/ndlna/?qw=Shibatani%20Masayoshi&g=personalNames&num=100	1	"""Shibatani Masayoshi"" (obituary OR died OR ""passed away"")"		—
shichiro-murayama	村山 七郎	active	1995	1995	existing_death_matches_wikidata	2026-09-05	https://id.ndl.go.jp/auth/ndlna/?qw=%E6%9D%91%E5%B1%B1%E4%B8%83%E9%83%8E&g=personalNames&num=100	1		https://www.wikidata.org/wiki/Q7496116	—
shichisaburo-mizushina	Shichisaburo Mizushina	active		1940	death_supported	2026-09-05	https://id.ndl.go.jp/auth/ndlna/?qw=Shichisaburo%20Mizushina&g=personalNames&num=100	1	"""Shichisaburo Mizushina"" (obituary OR died OR ""passed away"")"	https://id.ndl.go.jp/auth/ndlna/00496142	—
shiga-setsuko	志賀 雪湖	active			death_not_established	2026-09-05	https://id.ndl.go.jp/auth/ndlna/?qw=%E5%BF%97%E8%B3%80%E9%9B%AA%E6%B9%96&g=personalNames&num=100	1	"""志賀雪湖"" (訃報 OR 死去 OR 逝去 OR 生没年)"		—
shimizu-seijiro	清水 清次郎	active			death_not_established	2026-09-05	https://id.ndl.go.jp/auth/ndlna/?qw=%E6%B8%85%E6%B0%B4%E6%B8%85%E6%AC%A1%E9%83%8E&g=personalNames&num=100	1	"""清水清次郎"" (訃報 OR 死去 OR 逝去 OR 生没年)"		—
shimokura-emi	下倉 絵美	active			death_not_established	2026-09-05	https://id.ndl.go.jp/auth/ndlna/?qw=%E4%B8%8B%E5%80%89%E7%B5%B5%E7%BE%8E&g=personalNames&num=100	0	"""下倉絵美"" (訃報 OR 死去 OR 逝去 OR 生没年)"		—
shinmura-izuru	新村 出	active	1967	1967	existing_death_matches_wikidata	2026-09-05	https://id.ndl.go.jp/auth/ndlna/?qw=%E6%96%B0%E6%9D%91%E5%87%BA&g=personalNames&num=100	1		https://www.wikidata.org/wiki/Q3482273	—
shinohara-chika	篠原 智花	active			death_not_established	2026-09-05	https://id.ndl.go.jp/auth/ndlna/?qw=%E7%AF%A0%E5%8E%9F%E6%99%BA%E8%8A%B1&g=personalNames&num=100	1	"""篠原智花"" (訃報 OR 死去 OR 逝去 OR 生没年)"		—
shirai-katsuhiko	白井 克彦	active			death_not_established	2026-09-05	https://id.ndl.go.jp/auth/ndlna/?qw=%E7%99%BD%E4%BA%95%E5%85%8B%E5%BD%A6&g=personalNames&num=100	1	"""白井克彦"" (訃報 OR 死去 OR 逝去 OR 生没年)"		—
shiraishi-hidetoshi	白石 英才	active			death_not_established	2026-09-05	https://id.ndl.go.jp/auth/ndlna/?qw=%E7%99%BD%E7%9F%B3%E8%8B%B1%E6%89%8D&g=personalNames&num=100	1	"""白石英才"" (訃報 OR 死去 OR 逝去 OR 生没年)"		—
shirasawa-nabe	白沢ナベ	active	1993	1993	existing_death_matches_wikidata	2026-09-05	https://id.ndl.go.jp/auth/ndlna/?qw=%E7%99%BD%E6%B2%A2%E3%83%8A%E3%83%99&g=personalNames&num=100	1		https://www.wikidata.org/wiki/Q111148750	—
shirayama-tomomasa	白山 友正	active		1977	death_supported	2026-09-05	https://id.ndl.go.jp/auth/ndlna/?qw=%E7%99%BD%E5%B1%B1%E5%8F%8B%E6%AD%A3&g=personalNames&num=100	1	"""白山友正"" (訃報 OR 死去 OR 逝去 OR 生没年)"	https://id.ndl.go.jp/auth/ndlna/00073128	—
shizue-ukaji	宇梶 静江	active			death_not_established	2026-09-05	https://id.ndl.go.jp/auth/ndlna/?qw=%E5%AE%87%E6%A2%B6%E9%9D%99%E6%B1%9F&g=personalNames&num=100	2	"""宇梶静江"" (訃報 OR 死去 OR 逝去 OR 生没年)"		—
shoku-tenrei	天嶺性空	active			death_not_established	2026-09-05	https://id.ndl.go.jp/auth/ndlna/?qw=%E5%A4%A9%E5%B6%BA%E6%80%A7%E7%A9%BA&g=personalNames&num=100	0	"""天嶺性空"" (訃報 OR 死去 OR 逝去 OR 生没年)"		—
shozaburo-kanazawa	金沢 庄三郎	active	1967	1967	existing_death_matches_wikidata	2026-09-05	https://id.ndl.go.jp/auth/ndlna/?qw=%E9%87%91%E6%B2%A2%E5%BA%84%E4%B8%89%E9%83%8E&g=personalNames&num=100	1		https://www.wikidata.org/wiki/Q11647465	—
sicchari	シッチャリ	active			death_not_established	2026-09-05	https://id.ndl.go.jp/auth/ndlna/?qw=%E3%82%B7%E3%83%83%E3%83%81%E3%83%A3%E3%83%AA&g=personalNames&num=100	0	"""シッチャリ"" (訃報 OR 死去 OR 逝去 OR 生没年)"		—
sidney-c-h-cheung	Sidney C. H. Cheung	active			death_not_established	2026-09-05	https://id.ndl.go.jp/auth/ndlna/?qw=Sidney%20C.%20H.%20Cheung&g=personalNames&num=100	0	"""Sidney C. H. Cheung"" (obituary OR died OR ""passed away"")"		—
sigeru-sumi	Sigeru Sumi	active			death_not_established	2026-09-05	https://id.ndl.go.jp/auth/ndlna/?qw=Sigeru%20Sumi&g=personalNames&num=100	0	"""Sigeru Sumi"" (obituary OR died OR ""passed away"")"		—
simada-kenichi	島田 健一	active			death_not_established	2026-09-05	https://id.ndl.go.jp/auth/ndlna/?qw=%E5%B3%B6%E7%94%B0%E5%81%A5%E4%B8%80&g=personalNames&num=100	3	"""島田健一"" (訃報 OR 死去 OR 逝去 OR 生没年)"		—
simon-ager	Simon Ager	active			death_not_established	2026-09-05	https://id.ndl.go.jp/auth/ndlna/?qw=Simon%20Ager&g=personalNames&num=100	0	"""Simon Ager"" (obituary OR died OR ""passed away"")"		—
simon-cotterill	Simon Cotterill	active			death_not_established	2026-09-05	https://id.ndl.go.jp/auth/ndlna/?qw=Simon%20Cotterill&g=personalNames&num=100	0	"""Simon Cotterill"" (obituary OR died OR ""passed away"")"		—
sonota-yoshio	其田 良雄	active			death_not_established	2026-09-05	https://id.ndl.go.jp/auth/ndlna/?qw=%E5%85%B6%E7%94%B0%E8%89%AF%E9%9B%84&g=personalNames&num=100	1	"""其田良雄"" (訃報 OR 死去 OR 逝去 OR 生没年)"		—
stepan-p-krasheninnikov	Stepan P. Krasheninnikov	active		1755	death_supported	2026-09-05	https://id.ndl.go.jp/auth/ndlna/?qw=Stepan%20P.%20Krasheninnikov&g=personalNames&num=100	0	"""Stepan P. Krasheninnikov"" (obituary OR died OR ""passed away"")"	https://www.loc.gov/resource/gdc.2018694160v2/?sp=3	—
stephanie	ステファニー	active			death_not_established	2026-09-05	https://id.ndl.go.jp/auth/ndlna/?qw=%E3%82%B9%E3%83%86%E3%83%95%E3%82%A1%E3%83%8B%E3%83%BC&g=personalNames&num=100	104	"""ステファニー"" (訃報 OR 死去 OR 逝去 OR 生没年)"		—
sudo-ryusen	須藤 隆仙	active	2018	2018	existing_death_matches_wikidata	2026-09-05	https://id.ndl.go.jp/auth/ndlna/?qw=%E9%A0%88%E8%97%A4%E9%9A%86%E4%BB%99&g=personalNames&num=100	1		https://www.wikidata.org/wiki/Q59134893	—
suga-toshinoru	Suga Toshinoru (菅俊仍縷)?	active			death_not_established	2026-09-05	https://id.ndl.go.jp/auth/ndlna/?qw=SugaToshinoru%28%E8%8F%85%E4%BF%8A%E4%BB%8D%E7%B8%B7%29%3F&g=personalNames&num=100	0	"""SugaToshinoru(菅俊仍縷)?"" (訃報 OR 死去 OR 逝去 OR 生没年)"		—
suga-yasuo	菅 泰雄	active			death_not_established	2026-09-05	https://id.ndl.go.jp/auth/ndlna/?qw=%E8%8F%85%E6%B3%B0%E9%9B%84&g=personalNames&num=100	2	"""菅泰雄"" (訃報 OR 死去 OR 逝去 OR 生没年)"		—
sugawara-katsukichi	菅原 勝吉	active			death_not_established	2026-09-05	https://id.ndl.go.jp/auth/ndlna/?qw=%E8%8F%85%E5%8E%9F%E5%8B%9D%E5%90%89&g=personalNames&num=100	0	"""菅原勝吉"" (訃報 OR 死去 OR 逝去 OR 生没年)"		—
sugawara-katsuyoshi	菅原 勝良	active			death_not_established	2026-09-05	https://id.ndl.go.jp/auth/ndlna/?qw=%E8%8F%85%E5%8E%9F%E5%8B%9D%E8%89%AF&g=personalNames&num=100	0	"""菅原勝良"" (訃報 OR 死去 OR 逝去 OR 生没年)"		—
sugimura-kinarabukku	杉村 キナラブック	active	1973	1973	existing_death_matches_wikidata	2026-09-05	https://id.ndl.go.jp/auth/ndlna/?qw=%E6%9D%89%E6%9D%91%E3%82%AD%E3%83%8A%E3%83%A9%E3%83%96%E3%83%83%E3%82%AF&g=personalNames&num=100	1		https://www.wikidata.org/wiki/Q62085164	—
sugiyama-sueo	杉山 壽榮男	active		1946	death_supported	2026-09-05	https://id.ndl.go.jp/auth/ndlna/?qw=%E6%9D%89%E5%B1%B1%E5%A3%BD%E6%A6%AE%E7%94%B7&g=personalNames&num=100	1	"""杉山壽榮男"" (訃報 OR 死去 OR 逝去 OR 生没年)"	https://id.ndl.go.jp/auth/ndlna/00074766	—
sumiya-kazuhiko	住谷 一彦	active	2022	2022	existing_death_matches_wikidata	2026-09-05	https://id.ndl.go.jp/auth/ndlna/?qw=%E4%BD%8F%E8%B0%B7%E4%B8%80%E5%BD%A6&g=personalNames&num=100	1		https://www.wikidata.org/wiki/Q11381989	—
sunazawa-kayo	Sunazawa Kayo	active			death_unconfirmed_identity_review	2026-09-05	https://id.ndl.go.jp/auth/ndlna/?qw=Sunazawa%20Kayo&g=personalNames&num=100	0	"""Sunazawa Kayo"" (obituary OR died OR ""passed away"")"		砂沢クラとの同一性を確認できず。クラの1990年没は適用しない。
sunazawa-kura	砂沢 クラ	active	1990	1990	existing_death_matches_wikidata	2026-09-05	https://id.ndl.go.jp/auth/ndlna/?qw=%E7%A0%82%E6%B2%A2%E3%82%AF%E3%83%A9&g=personalNames&num=100	1		https://www.wikidata.org/wiki/Q104212534	—
suzuki-hisashi	鈴木 尚	active	2004	2004	existing_death_matches_wikidata	2026-09-05	https://id.ndl.go.jp/auth/ndlna/?qw=%E9%88%B4%E6%9C%A8%E5%B0%9A&g=personalNames&num=100	30		https://www.wikidata.org/wiki/Q11648764	—
suzuki-ryuichi	鈴木 隆一	active			death_not_established	2026-09-05	https://id.ndl.go.jp/auth/ndlna/?qw=%E9%88%B4%E6%9C%A8%E9%9A%86%E4%B8%80&g=personalNames&num=100	10	"""鈴木隆一"" (訃報 OR 死去 OR 逝去 OR 生没年)"		—
tachibana-shoichi	橘 正一	active		1940	death_supported	2026-09-05	https://id.ndl.go.jp/auth/ndlna/?qw=%E6%A9%98%E6%AD%A3%E4%B8%80&g=personalNames&num=100	1	"""橘正一"" (訃報 OR 死去 OR 逝去 OR 生没年)"	https://id.ndl.go.jp/auth/ndlna/00083083	—
tachibana-yoshimitsu	橘 善光	active			death_not_established	2026-09-05	https://id.ndl.go.jp/auth/ndlna/?qw=%E6%A9%98%E5%96%84%E5%85%89&g=personalNames&num=100	1	"""橘善光"" (訃報 OR 死去 OR 逝去 OR 生没年)"		—
tadao-mitui	Tadao Mitui	active			death_not_established	2026-09-05	https://id.ndl.go.jp/auth/ndlna/?qw=Tadao%20Mitui&g=personalNames&num=100	0	"""Tadao Mitui"" (obituary OR died OR ""passed away"")"		—
taira-ryuichi	平 隆一	active			death_not_established	2026-09-05	https://id.ndl.go.jp/auth/ndlna/?qw=%E5%B9%B3%E9%9A%86%E4%B8%80&g=personalNames&num=100	1	"""平隆一"" (訃報 OR 死去 OR 逝去 OR 生没年)"		—
takagi-kikue	高木 喜久恵	active			death_not_established	2026-09-05	https://id.ndl.go.jp/auth/ndlna/?qw=%E9%AB%98%E6%9C%A8%E5%96%9C%E4%B9%85%E6%81%B5&g=personalNames&num=100	0	"""高木喜久恵"" (訃報 OR 死去 OR 逝去 OR 生没年)"		—
takahashi-akiko	高橋 晶子	active			death_not_established	2026-09-05	https://id.ndl.go.jp/auth/ndlna/?qw=%E9%AB%98%E6%A9%8B%E6%99%B6%E5%AD%90&g=personalNames&num=100	4	"""高橋晶子"" (訃報 OR 死去 OR 逝去 OR 生没年)"		—
takahashi-motoi	高橋 基	active			death_not_established	2026-09-05	https://id.ndl.go.jp/auth/ndlna/?qw=%E9%AB%98%E6%A9%8B%E5%9F%BA&g=personalNames&num=100	11	"""高橋基"" (訃報 OR 死去 OR 逝去 OR 生没年)"		—
takahashi-nori	高橋 規	active			death_not_established	2026-09-05	https://id.ndl.go.jp/auth/ndlna/?qw=%E9%AB%98%E6%A9%8B%E8%A6%8F&g=personalNames&num=100	4	"""高橋規"" (訃報 OR 死去 OR 逝去 OR 生没年)"		—
takahashi-shin	高橋 慎	active			death_not_established	2026-09-05	https://id.ndl.go.jp/auth/ndlna/?qw=%E9%AB%98%E6%A9%8B%E6%85%8E&g=personalNames&num=100	12	"""高橋慎"" (訃報 OR 死去 OR 逝去 OR 生没年)"		—
takahashi-yasui	高橋 靖以	active			death_not_established	2026-09-05	https://id.ndl.go.jp/auth/ndlna/?qw=%E9%AB%98%E6%A9%8B%E9%9D%96%E4%BB%A5&g=personalNames&num=100	1	"""高橋靖以"" (訃報 OR 死去 OR 逝去 OR 生没年)"		—
takakura-shinichiro	高倉 新一郎	active	1990	1990	existing_death_matches_wikidata	2026-09-05	https://id.ndl.go.jp/auth/ndlna/?qw=%E9%AB%98%E5%80%89%E6%96%B0%E4%B8%80%E9%83%8E&g=personalNames&num=100	1		https://www.wikidata.org/wiki/Q11668777	—
takashi-irimoto	煎本 孝	active			death_not_established	2026-09-05	https://id.ndl.go.jp/auth/ndlna/?qw=%E7%85%8E%E6%9C%AC%E5%AD%9D&g=personalNames&num=100	1	"""煎本孝"" (訃報 OR 死去 OR 逝去 OR 生没年)"		—
takashi-kinase	Takashi Kinase	active			death_not_established	2026-09-05	https://id.ndl.go.jp/auth/ndlna/?qw=Takashi%20Kinase&g=personalNames&num=100	1	"""Takashi Kinase"" (obituary OR died OR ""passed away"")"		—
takashi-tomita	Takashi Tomita	active			death_not_established	2026-09-05	https://id.ndl.go.jp/auth/ndlna/?qw=Takashi%20Tomita&g=personalNames&num=100	3	"""Takashi Tomita"" (obituary OR died OR ""passed away"")"		—
takashima-yoko	高島 葉子	active			death_not_established	2026-09-05	https://id.ndl.go.jp/auth/ndlna/?qw=%E9%AB%98%E5%B3%B6%E8%91%89%E5%AD%90&g=personalNames&num=100	1	"""高島葉子"" (訃報 OR 死去 OR 逝去 OR 生没年)"		—
takayuki-okazaki	Takayuki Okazaki	active			death_not_established	2026-09-05	https://id.ndl.go.jp/auth/ndlna/?qw=Takayuki%20Okazaki&g=personalNames&num=100	0	"""Takayuki Okazaki"" (obituary OR died OR ""passed away"")"		—
takegahara-yukio	竹ケ原 幸朗	active		2008	death_supported	2026-09-05	https://id.ndl.go.jp/auth/ndlna/?qw=%E7%AB%B9%E3%82%B1%E5%8E%9F%E5%B9%B8%E6%9C%97&g=personalNames&num=100	1	"""竹ケ原幸朗"" (訃報 OR 死去 OR 逝去 OR 生没年)"	https://id.ndl.go.jp/auth/ndlna/01193939	—
takeshi-kimura	Takeshi Kimura	active			death_not_established	2026-09-05	https://id.ndl.go.jp/auth/ndlna/?qw=Takeshi%20Kimura&g=personalNames&num=100	26	"""Takeshi Kimura"" (obituary OR died OR ""passed away"")"		—
takiguchi-yumi	瀧口 夕美	active			death_not_established	2026-09-05	https://id.ndl.go.jp/auth/ndlna/?qw=%E7%80%A7%E5%8F%A3%E5%A4%95%E7%BE%8E&g=personalNames&num=100	1	"""瀧口夕美"" (訃報 OR 死去 OR 逝去 OR 生没年)"		—
tamura-masashi	田村 雅史	active			death_not_established	2026-09-05	https://id.ndl.go.jp/auth/ndlna/?qw=%E7%94%B0%E6%9D%91%E9%9B%85%E5%8F%B2&g=personalNames&num=100	1	"""田村雅史"" (訃報 OR 死去 OR 逝去 OR 生没年)"		—
tamura-masato	田村 将人	active			death_not_established	2026-09-05	https://id.ndl.go.jp/auth/ndlna/?qw=%E7%94%B0%E6%9D%91%E5%B0%86%E4%BA%BA&g=personalNames&num=100	0	"""田村将人"" (訃報 OR 死去 OR 逝去 OR 生没年)"		—
tamura-suzuko	田村 すゞ子	active	2015	2015	existing_death_matches_wikidata	2026-09-05	https://id.ndl.go.jp/auth/ndlna/?qw=%E7%94%B0%E6%9D%91%E3%81%99%E3%82%9E%E5%AD%90&g=personalNames&num=100	1		https://www.wikidata.org/wiki/Q11576823	—
tanaka-satoko	田中 聖子	active			death_not_established	2026-09-05	https://id.ndl.go.jp/auth/ndlna/?qw=%E7%94%B0%E4%B8%AD%E8%81%96%E5%AD%90&g=personalNames&num=100	1	"""田中聖子"" (訃報 OR 死去 OR 逝去 OR 生没年)"		—
tanaka-yoshito	田中 吉人	active			death_not_established	2026-09-05	https://id.ndl.go.jp/auth/ndlna/?qw=%E7%94%B0%E4%B8%AD%E5%90%89%E4%BA%BA&g=personalNames&num=100	1	"""田中吉人"" (訃報 OR 死去 OR 逝去 OR 生没年)"		—
tangiku-itsuji	丹菊 逸治	active			death_not_established	2026-09-05	https://id.ndl.go.jp/auth/ndlna/?qw=%E4%B8%B9%E8%8F%8A%E9%80%B8%E6%B2%BB&g=personalNames&num=100	1	"""丹菊逸治"" (訃報 OR 死去 OR 逝去 OR 生没年)"		—
tanigawa-kenichi	谷川 健一	active	2013	2013	existing_death_matches_wikidata	2026-09-05	https://id.ndl.go.jp/auth/ndlna/?qw=%E8%B0%B7%E5%B7%9D%E5%81%A5%E4%B8%80&g=personalNames&num=100	4		https://www.wikidata.org/wiki/Q2392596	—
taniguchi-mamoru	谷口 守	active			death_not_established	2026-09-05	https://id.ndl.go.jp/auth/ndlna/?qw=%E8%B0%B7%E5%8F%A3%E5%AE%88&g=personalNames&num=100	5	"""谷口守"" (訃報 OR 死去 OR 逝去 OR 生没年)"		—
tanimoto-akihisa	谷本 晃久	active			death_not_established	2026-09-05	https://id.ndl.go.jp/auth/ndlna/?qw=%E8%B0%B7%E6%9C%AC%E6%99%83%E4%B9%85&g=personalNames&num=100	1	"""谷本晃久"" (訃報 OR 死去 OR 逝去 OR 生没年)"		—
tatsiana-tsagelnik	Tatsiana Tsagelnik	active			death_not_established	2026-09-05	https://id.ndl.go.jp/auth/ndlna/?qw=Tatsiana%20Tsagelnik&g=personalNames&num=100	0	"""Tatsiana Tsagelnik"" (obituary OR died OR ""passed away"")"		—
tatsuya-kawahara	河原 達也	active			death_not_established	2026-09-05	https://id.ndl.go.jp/auth/ndlna/?qw=%E6%B2%B3%E5%8E%9F%E9%81%94%E4%B9%9F&g=personalNames&num=100	2	"""河原達也"" (訃報 OR 死去 OR 逝去 OR 生没年)"		—
tatsuyoshi-masuda	Tatsuyoshi Masuda	active			death_not_established	2026-09-05	https://id.ndl.go.jp/auth/ndlna/?qw=Tatsuyoshi%20Masuda&g=personalNames&num=100	1	"""Tatsuyoshi Masuda"" (obituary OR died OR ""passed away"")"		—
tazawa-takashi	田澤 崇	active			death_not_established	2026-09-05	https://id.ndl.go.jp/auth/ndlna/?qw=%E7%94%B0%E6%BE%A4%E5%B4%87&g=personalNames&num=100	0	"""田澤崇"" (訃報 OR 死去 OR 逝去 OR 生没年)"		—
terada-yoshitaka	寺田 吉孝	active	2023	2023	existing_death_matches_wikidata	2026-09-05	https://id.ndl.go.jp/auth/ndlna/?qw=%E5%AF%BA%E7%94%B0%E5%90%89%E5%AD%9D&g=personalNames&num=100	2		https://www.wikidata.org/wiki/Q107856859	—
terashima-ryoan	寺島 良安	active			death_not_established	2026-09-05	https://id.ndl.go.jp/auth/ndlna/?qw=%E5%AF%BA%E5%B3%B6%E8%89%AF%E5%AE%89&g=personalNames&num=100	1	"""寺島良安"" (訃報 OR 死去 OR 逝去 OR 生没年)"		—
tessa-morris-suzuki	Tessa Morris-Suzuki	active			death_not_established	2026-09-05	https://id.ndl.go.jp/auth/ndlna/?qw=Tessa%20Morris-Suzuki&g=personalNames&num=100	1	"""Tessa Morris-Suzuki"" (obituary OR died OR ""passed away"")"		—
tezuka-yoritaka	手塚 順孝	active			death_not_established	2026-09-05	https://id.ndl.go.jp/auth/ndlna/?qw=%E6%89%8B%E5%A1%9A%E9%A0%86%E5%AD%9D&g=personalNames&num=100	0	"""手塚順孝"" (訃報 OR 死去 OR 逝去 OR 生没年)"		—
theresa-savage	Theresa Savage	active			death_not_established	2026-09-05	https://id.ndl.go.jp/auth/ndlna/?qw=Theresa%20Savage&g=personalNames&num=100	0	"""Theresa Savage"" (obituary OR died OR ""passed away"")"		—
tjeerd-de-graaf	Tjeerd de Graaf	active			death_not_established	2026-09-05	https://id.ndl.go.jp/auth/ndlna/?qw=Tjeerd%20de%20Graaf&g=personalNames&num=100	0	"""Tjeerd de Graaf"" (obituary OR died OR ""passed away"")"		—
todome-seiji	留目 政治	active			death_not_established	2026-09-05	https://id.ndl.go.jp/auth/ndlna/?qw=%E7%95%99%E7%9B%AE%E6%94%BF%E6%B2%BB&g=personalNames&num=100	0	"""留目政治"" (訃報 OR 死去 OR 逝去 OR 生没年)"		—
tokuda-sadakazu	徳田 貞一	active		1945	death_supported	2026-09-05	https://id.ndl.go.jp/auth/ndlna/?qw=%E5%BE%B3%E7%94%B0%E8%B2%9E%E4%B8%80&g=personalNames&num=100	1	"""徳田貞一"" (訃報 OR 死去 OR 逝去 OR 生没年)"	https://id.ndl.go.jp/auth/ndlna/00084654	—
tokutomi-kei	徳冨 圭	active			death_not_established	2026-09-05	https://id.ndl.go.jp/auth/ndlna/?qw=%E5%BE%B3%E5%86%A8%E5%9C%AD&g=personalNames&num=100	0	"""徳冨圭"" (訃報 OR 死去 OR 逝去 OR 生没年)"		—
tomizo-taisho	Tomizo Taisho	active		1999	death_supported	2026-09-05	https://id.ndl.go.jp/auth/ndlna/?qw=Tomizo%20Taisho&g=personalNames&num=100	2	"""Tomizo Taisho"" (obituary OR died OR ""passed away"")"	https://id.ndl.go.jp/auth/ndlna/00367668	—
toru-asai	浅井 亨	active	1986	2006	identity_corrected	2026-09-05	https://id.ndl.go.jp/auth/ndlna/?qw=%E6%B5%85%E4%BA%95%E4%BA%A8&g=personalNames&num=100	1	"""浅井亨"" (訃報 OR 死去 OR 逝去 OR 生没年)"	https://eprints.lib.hokudai.ac.jp/dspace/bitstream/2115/84928/1/05_Ono.pdf	言語学者・医師の浅井亨（1930–2006）。政治家の浅井亨と区別。
tosabayashi-yoshio	土佐林 義雄	active	1957	1957	existing_death_matches_wikidata	2026-09-05	https://id.ndl.go.jp/auth/ndlna/?qw=%E5%9C%9F%E4%BD%90%E6%9E%97%E7%BE%A9%E9%9B%84&g=personalNames&num=100	0		https://www.wikidata.org/wiki/Q62085287	—
toshikazu-hasegawa	Toshikazu Hasegawa	active			death_not_established	2026-09-05	https://id.ndl.go.jp/auth/ndlna/?qw=Toshikazu%20Hasegawa&g=personalNames&num=100	1	"""Toshikazu Hasegawa"" (obituary OR died OR ""passed away"")"		—
toshima-taneranke	遠島 タネランケ	active		1970	death_supported	2026-09-05	https://id.ndl.go.jp/auth/ndlna/?qw=%E9%81%A0%E5%B3%B6%E3%82%BF%E3%83%8D%E3%83%A9%E3%83%B3%E3%82%B1&g=personalNames&num=100	0	"""遠島タネランケ"" (訃報 OR 死去 OR 逝去 OR 生没年)"	https://ainu-center.hm.pref.hokkaido.lg.jp/kankou/kiyou/pdf/kiyou15-02.pdf	—
toyokawa-yoko	豊川 容子	active			death_not_established	2026-09-05	https://id.ndl.go.jp/auth/ndlna/?qw=%E8%B1%8A%E5%B7%9D%E5%AE%B9%E5%AD%90&g=personalNames&num=100	0	"""豊川容子"" (訃報 OR 死去 OR 逝去 OR 生没年)"		—
tresi-nonno	Tresi Nonno	active			death_not_established	2026-09-05	https://id.ndl.go.jp/auth/ndlna/?qw=Tresi%20Nonno&g=personalNames&num=100	0	"""Tresi Nonno"" (obituary OR died OR ""passed away"")"		—
tsuboi-shogoro	坪井 正五郎	active	1913	1913	existing_death_matches_wikidata	2026-09-05	https://id.ndl.go.jp/auth/ndlna/?qw=%E5%9D%AA%E4%BA%95%E6%AD%A3%E4%BA%94%E9%83%8E&g=personalNames&num=100	1		https://www.wikidata.org/wiki/Q11425705	—
tsuda-nobuko	Tsuda Nobuko	active			death_not_established	2026-09-05	https://id.ndl.go.jp/auth/ndlna/?qw=Tsuda%20Nobuko&g=personalNames&num=100	2	"""Tsuda Nobuko"" (obituary OR died OR ""passed away"")"		—
tsumagari-toshiro	津曲 敏郎	active	2020	2020	death_supported	2026-09-05	https://id.ndl.go.jp/auth/ndlna/?qw=%E6%B4%A5%E6%9B%B2%E6%95%8F%E9%83%8E&g=personalNames&num=100	1		https://hes.official.jp/index.php/264-2020-11-13-01-59-44	—
tsunehiko-hanihara	Tsunehiko Hanihara	active			death_not_established	2026-09-05	https://id.ndl.go.jp/auth/ndlna/?qw=Tsunehiko%20Hanihara&g=personalNames&num=100	0	"""Tsunehiko Hanihara"" (obituary OR died OR ""passed away"")"		—
uchida-junko	内田 順子	active			death_not_established	2026-09-05	https://id.ndl.go.jp/auth/ndlna/?qw=%E5%86%85%E7%94%B0%E9%A0%86%E5%AD%90&g=personalNames&num=100	4	"""内田順子"" (訃報 OR 死去 OR 逝去 OR 生没年)"		—
uchida-minoru	内田 実	active	1945		identity_corrected	2026-09-05	https://id.ndl.go.jp/auth/ndlna/?qw=%E5%86%85%E7%94%B0%E5%AE%9F&g=personalNames&num=100	11	"""内田実"" (訃報 OR 死去 OR 逝去 OR 生没年)"	https://id.ndl.go.jp/auth/ndlna/00552930	北海道農業地域論の地理学者（1927年生）。美術収集家の内田実と区別。没年未確認。
uchida-yuichi	内田 祐一	active			death_not_established	2026-09-05	https://id.ndl.go.jp/auth/ndlna/?qw=%E5%86%85%E7%94%B0%E7%A5%90%E4%B8%80&g=personalNames&num=100	0	"""内田祐一"" (訃報 OR 死去 OR 逝去 OR 生没年)"		—
ueda-toshi	上田 トシ	active	2005	2005	death_supported	2026-09-05	https://id.ndl.go.jp/auth/ndlna/?qw=%E4%B8%8A%E7%94%B0%E3%83%88%E3%82%B7&g=personalNames&num=100	6		https://ainugo.nam.go.jp/siror/denshosha/index_sp.php?denshosha_id=D009	—
uehara-kumajiro	上原 熊次郎	active	1827	1827	existing_death_matches_wikidata	2026-09-05	https://id.ndl.go.jp/auth/ndlna/?qw=%E4%B8%8A%E5%8E%9F%E7%86%8A%E6%AC%A1%E9%83%8E&g=personalNames&num=100	2		https://www.wikidata.org/wiki/Q22128555	—
uemura-yukio	上村 幸雄	active	2017	2017	existing_death_matches_wikidata	2026-09-05	https://id.ndl.go.jp/auth/ndlna/?qw=%E4%B8%8A%E6%9D%91%E5%B9%B8%E9%9B%84&g=personalNames&num=100	1		https://www.wikidata.org/wiki/Q11359292	—
ueno-sada	上野 サダ	active	2007	2007	death_supported	2026-09-05	https://id.ndl.go.jp/auth/ndlna/?qw=%E4%B8%8A%E9%87%8E%E3%82%B5%E3%83%80&g=personalNames&num=100	1		https://akarenga-exhibitionguide.pref.hokkaido.lg.jp/archives/predecessors/77/	—
umehara-takeshi	梅原 猛	active	2019	2019	existing_death_matches_wikidata	2026-09-05	https://id.ndl.go.jp/auth/ndlna/?qw=%E6%A2%85%E5%8E%9F%E7%8C%9B&g=personalNames&num=100	1		https://www.wikidata.org/wiki/Q3818175	—
uoi-kazuyoshi	魚井 一由	active	2008	2008	existing_death_matches_wikidata	2026-09-05	https://id.ndl.go.jp/auth/ndlna/?qw=%E9%AD%9A%E4%BA%95%E4%B8%80%E7%94%B1&g=personalNames&num=100	1		https://www.wikidata.org/wiki/Q11673933	—
utagawa-hiroshi	宇田川 洋	active			death_not_established	2026-09-05	https://id.ndl.go.jp/auth/ndlna/?qw=%E5%AE%87%E7%94%B0%E5%B7%9D%E6%B4%8B&g=personalNames&num=100	1	"""宇田川洋"" (訃報 OR 死去 OR 逝去 OR 生没年)"		—
v-m-alpatov	V. M. Alpatov	active			death_not_established	2026-09-05	https://id.ndl.go.jp/auth/ndlna/?qw=V.%20M.%20Alpatov&g=personalNames&num=100	2	"""V. M. Alpatov"" (obituary OR died OR ""passed away"")"		—
vaclav-blazek	Václav Blažek	active			death_not_established	2026-09-05	https://id.ndl.go.jp/auth/ndlna/?qw=V%C3%A1clav%20Bla%C5%BEek&g=personalNames&num=100	0	"""Václav Blažek"" (obituary OR died OR ""passed away"")"		—
vasilii-v-shchepkin	Vasilii V. Shchepkin	active			death_not_established	2026-09-05	https://id.ndl.go.jp/auth/ndlna/?qw=Vasilii%20V.%20Shchepkin&g=personalNames&num=100	1	"""Vasilii V. Shchepkin"" (obituary OR died OR ""passed away"")"		—
vasily-golovnin	Vasily Golovnin	active	1831	1831	existing_death_matches_wikidata	2026-09-05	https://id.ndl.go.jp/auth/ndlna/?qw=Vasily%20Golovnin&g=personalNames&num=100	0		https://www.wikidata.org/wiki/Q135337	—
vattukumpu-tero	Vattukumpu Tero	active			death_not_established	2026-09-05	https://id.ndl.go.jp/auth/ndlna/?qw=Vattukumpu%20Tero&g=personalNames&num=100	0	"""Vattukumpu Tero"" (obituary OR died OR ""passed away"")"		—
wada-bunjiro	和田 文治郎	active		1958	death_supported	2026-09-05	https://id.ndl.go.jp/auth/ndlna/?qw=%E5%92%8C%E7%94%B0%E6%96%87%E6%B2%BB%E9%83%8E&g=personalNames&num=100	1	"""和田文治郎"" (訃報 OR 死去 OR 逝去 OR 生没年)"	https://id.ndl.go.jp/auth/ndlna/001141718	—
waseda-daigaku-gogaku-kyoiku-kenkyujo	Waseda Daigaku. Gogaku Kyōiku Kenkyūjo	active			death_not_established	2026-09-05	https://id.ndl.go.jp/auth/ndlna/?qw=Waseda%20Daigaku.%20Gogaku%20Ky%C5%8Diku%20Kenky%C5%ABjo&g=personalNames&num=100	0	"""Waseda Daigaku. Gogaku Kyōiku Kenkyūjo"" (obituary OR died OR ""passed away"")"		—
watanabe-kaori	渡邊香織	active			death_not_established	2026-09-05	https://id.ndl.go.jp/auth/ndlna/?qw=%E6%B8%A1%E9%82%8A%E9%A6%99%E7%B9%94&g=personalNames&num=100	1	"""渡邊香織"" (訃報 OR 死去 OR 逝去 OR 生没年)"		—
watanabe-shigeru	渡辺 茂	active			death_unconfirmed_identity_review	2026-09-05	https://id.ndl.go.jp/auth/ndlna/?qw=%E6%B8%A1%E8%BE%BA%E8%8C%82&g=personalNames&num=100	37	"""渡辺茂"" (訃報 OR 死去 OR 逝去 OR 生没年)"		NDL00091030の歴史学者（1913年生）。複数の同名故人の没年は不採用。
watanabe-takashi	渡辺 隆	active			death_not_established	2026-09-05	https://id.ndl.go.jp/auth/ndlna/?qw=%E6%B8%A1%E8%BE%BA%E9%9A%86&g=personalNames&num=100	55	"""渡辺隆"" (訃報 OR 死去 OR 逝去 OR 生没年)"		—
wawat-rahwati	Wawat Rahwati	active			death_not_established	2026-09-05	https://id.ndl.go.jp/auth/ndlna/?qw=Wawat%20Rahwati&g=personalNames&num=100	0	"""Wawat Rahwati"" (obituary OR died OR ""passed away"")"		—
wikipedia-contributors	Wikipedia contributors	active			death_not_established	2026-09-05	https://id.ndl.go.jp/auth/ndlna/?qw=Wikipedia%20contributors&g=personalNames&num=100	0	"""Wikipedia contributors"" (obituary OR died OR ""passed away"")"		—
wiktionary-contributors	Wiktionary contributors	active			death_not_established	2026-09-05	https://id.ndl.go.jp/auth/ndlna/?qw=Wiktionary%20contributors&g=personalNames&num=100	0	"""Wiktionary contributors"" (obituary OR died OR ""passed away"")"		—
xanat-vargas-meza	Xanat Vargas Meza	active			death_not_established	2026-09-05	https://id.ndl.go.jp/auth/ndlna/?qw=Xanat%20Vargas%20Meza&g=personalNames&num=100	0	"""Xanat Vargas Meza"" (obituary OR died OR ""passed away"")"		—
yachita-mio	谷地田 未緒	active			death_not_established	2026-09-05	https://id.ndl.go.jp/auth/ndlna/?qw=%E8%B0%B7%E5%9C%B0%E7%94%B0%E6%9C%AA%E7%B7%92&g=personalNames&num=100	0	"""谷地田未緒"" (訃報 OR 死去 OR 逝去 OR 生没年)"		—
yae-kiyotoshi	八重 清敏	active			death_not_established	2026-09-05	https://id.ndl.go.jp/auth/ndlna/?qw=%E5%85%AB%E9%87%8D%E6%B8%85%E6%95%8F&g=personalNames&num=100	0	"""八重清敏"" (訃報 OR 死去 OR 逝去 OR 生没年)"		—
yae-masako	八重 昌子	active			death_not_established	2026-09-05	https://id.ndl.go.jp/auth/ndlna/?qw=%E5%85%AB%E9%87%8D%E6%98%8C%E5%AD%90&g=personalNames&num=100	0	"""八重昌子"" (訃報 OR 死去 OR 逝去 OR 生没年)"		—
yahata-tomoe	八幡 巴	active			death_not_established	2026-09-05	https://id.ndl.go.jp/auth/ndlna/?qw=%E5%85%AB%E5%B9%A1%E5%B7%B4&g=personalNames&num=100	0	"""八幡巴"" (訃報 OR 死去 OR 逝去 OR 生没年)"		—
yamabe-yasunosuke	山辺 安之助	active	1923	1923	existing_death_matches_wikidata	2026-09-05	https://id.ndl.go.jp/auth/ndlna/?qw=%E5%B1%B1%E8%BE%BA%E5%AE%89%E4%B9%8B%E5%8A%A9&g=personalNames&num=100	1		https://www.wikidata.org/wiki/Q11470984	—
yamada-hayo	山田 ハヨ	active			death_not_established	2026-09-05	https://id.ndl.go.jp/auth/ndlna/?qw=%E5%B1%B1%E7%94%B0%E3%83%8F%E3%83%A8&g=personalNames&num=100	0	"""山田ハヨ"" (訃報 OR 死去 OR 逝去 OR 生没年)"		—
yamada-takako	山田 孝子	active			death_not_established	2026-09-05	https://id.ndl.go.jp/auth/ndlna/?qw=%E5%B1%B1%E7%94%B0%E5%AD%9D%E5%AD%90&g=personalNames&num=100	3	"""山田孝子"" (訃報 OR 死去 OR 逝去 OR 生没年)"		—
yamaguchi-shinju	山口 伸樹	active			death_not_established	2026-09-05	https://id.ndl.go.jp/auth/ndlna/?qw=%E5%B1%B1%E5%8F%A3%E4%BC%B8%E6%A8%B9&g=personalNames&num=100	0	"""山口伸樹"" (訃報 OR 死去 OR 逝去 OR 生没年)"		—
yamaji-hiroaki	山路 広明	active			death_not_established	2026-09-05	https://id.ndl.go.jp/auth/ndlna/?qw=%E5%B1%B1%E8%B7%AF%E5%BA%83%E6%98%8E&g=personalNames&num=100	1	"""山路広明"" (訃報 OR 死去 OR 逝去 OR 生没年)"		—
yamamoto-tasuke	山本 多助	active	1993	1993	existing_death_matches_wikidata	2026-09-05	https://id.ndl.go.jp/auth/ndlna/?qw=%E5%B1%B1%E6%9C%AC%E5%A4%9A%E5%8A%A9&g=personalNames&num=100	1		https://www.wikidata.org/wiki/Q11468973	—
yamamoto-yuko	山本 祐弘	active		1990	death_supported	2026-09-05	https://id.ndl.go.jp/auth/ndlna/?qw=%E5%B1%B1%E6%9C%AC%E7%A5%90%E5%BC%98&g=personalNames&num=100	2	"""山本祐弘"" (訃報 OR 死去 OR 逝去 OR 生没年)"	https://id.ndl.go.jp/auth/ndlna/00093743	—
yamanaka-jota	山中 襄太	active	1996	1996	existing_death_matches_wikidata	2026-09-05	https://id.ndl.go.jp/auth/ndlna/?qw=%E5%B1%B1%E4%B8%AD%E8%A5%84%E5%A4%AA&g=personalNames&num=100	1		https://www.wikidata.org/wiki/Q30608761	—
yamasaki-koji	山崎 幸治	active			death_not_established	2026-09-05	https://id.ndl.go.jp/auth/ndlna/?qw=%E5%B1%B1%E5%B4%8E%E5%B9%B8%E6%B2%BB&g=personalNames&num=100	3	"""山崎幸治"" (訃報 OR 死去 OR 逝去 OR 生没年)"		—
yanagita-kunio	柳田 國男	active	1962	1962	existing_death_matches_wikidata	2026-09-05	https://id.ndl.go.jp/auth/ndlna/?qw=%E6%9F%B3%E7%94%B0%E5%9C%8B%E7%94%B7&g=personalNames&num=100	2		https://www.wikidata.org/wiki/Q971687	—
yasuda-chinatsu	安田 千夏	active			death_not_established	2026-09-05	https://id.ndl.go.jp/auth/ndlna/?qw=%E5%AE%89%E7%94%B0%E5%8D%83%E5%A4%8F&g=personalNames&num=100	1	"""安田千夏"" (訃報 OR 死去 OR 逝去 OR 生没年)"		—
yasuda-setsuhiko	安田 節彦	active			death_not_established	2026-09-05	https://id.ndl.go.jp/auth/ndlna/?qw=%E5%AE%89%E7%94%B0%E7%AF%80%E5%BD%A6&g=personalNames&num=100	1	"""安田節彦"" (訃報 OR 死去 OR 逝去 OR 生没年)"		—
yasuoka-koichi	安岡 孝一	active			death_not_established	2026-09-05	https://id.ndl.go.jp/auth/ndlna/?qw=%E5%AE%89%E5%B2%A1%E5%AD%9D%E4%B8%80&g=personalNames&num=100	1	"""安岡孝一"" (訃報 OR 死去 OR 逝去 OR 生没年)"		—
yasuoka-motoko	安岡 素子	active			death_not_established	2026-09-05	https://id.ndl.go.jp/auth/ndlna/?qw=%E5%AE%89%E5%B2%A1%E7%B4%A0%E5%AD%90&g=personalNames&num=100	1	"""安岡素子"" (訃報 OR 死去 OR 逝去 OR 生没年)"		—
yasushige-takahashi	Yasushige Takahashi	active			death_not_established	2026-09-05	https://id.ndl.go.jp/auth/ndlna/?qw=Yasushige%20Takahashi&g=personalNames&num=100	1	"""Yasushige Takahashi"" (obituary OR died OR ""passed away"")"		—
yazaki-haruna	矢崎 春菜	active			death_not_established	2026-09-05	https://id.ndl.go.jp/auth/ndlna/?qw=%E7%9F%A2%E5%B4%8E%E6%98%A5%E8%8F%9C&g=personalNames&num=100	0	"""矢崎春菜"" (訃報 OR 死去 OR 逝去 OR 生没年)"		—
yi-chi-hang	李志恒	active			death_not_established	2026-09-05	https://id.ndl.go.jp/auth/ndlna/?qw=%E6%9D%8E%E5%BF%97%E6%81%92&g=personalNames&num=100	0	"""李志恒"" (訃報 OR 死去 OR 逝去 OR 生没年)"		—
yoichi-ochiai	Yoichi Ochiai	active			death_not_established	2026-09-05	https://id.ndl.go.jp/auth/ndlna/?qw=Yoichi%20Ochiai&g=personalNames&num=100	1	"""Yoichi Ochiai"" (obituary OR died OR ""passed away"")"		—
yoko-tanabe	Yoko Tanabe	active			death_not_established	2026-09-05	https://id.ndl.go.jp/auth/ndlna/?qw=Yoko%20Tanabe&g=personalNames&num=100	3	"""Yoko Tanabe"" (obituary OR died OR ""passed away"")"		—
yokohira-hiroshi	横平 弘	active			death_not_established	2026-09-05	https://id.ndl.go.jp/auth/ndlna/?qw=%E6%A8%AA%E5%B9%B3%E5%BC%98&g=personalNames&num=100	1	"""横平弘"" (訃報 OR 死去 OR 逝去 OR 生没年)"		—
yokoyama-hiroyuki	横山 裕之	active			death_not_established	2026-09-05	https://id.ndl.go.jp/auth/ndlna/?qw=%E6%A8%AA%E5%B1%B1%E8%A3%95%E4%B9%8B&g=personalNames&num=100	1	"""横山裕之"" (訃報 OR 死去 OR 逝去 OR 生没年)"		—
yokoyama-takao	横山 孝雄	active	2019	2019	existing_death_matches_wikidata	2026-09-05	https://id.ndl.go.jp/auth/ndlna/?qw=%E6%A8%AA%E5%B1%B1%E5%AD%9D%E9%9B%84&g=personalNames&num=100	1		https://www.wikidata.org/wiki/Q18054942	—
yolanda-munoz-gonzalez	Yolanda Muñoz González	active			death_not_established	2026-09-05	https://id.ndl.go.jp/auth/ndlna/?qw=Yolanda%20Mu%C3%B1oz%20Gonz%C3%A1lez&g=personalNames&num=100	0	"""Yolanda Muñoz González"" (obituary OR died OR ""passed away"")"		—
yoneda-noriyuki	米田 儀行	active			death_not_established	2026-09-05	https://id.ndl.go.jp/auth/ndlna/?qw=%E7%B1%B3%E7%94%B0%E5%84%80%E8%A1%8C&g=personalNames&num=100	0	"""米田儀行"" (訃報 OR 死去 OR 逝去 OR 生没年)"		—
yonezawa-ryo	米澤 諒	active			death_not_established	2026-09-05	https://id.ndl.go.jp/auth/ndlna/?qw=%E7%B1%B3%E6%BE%A4%E8%AB%92&g=personalNames&num=100	0	"""米澤諒"" (訃報 OR 死去 OR 逝去 OR 生没年)"		—
yoshida-erika	吉田 恵理佳	active			death_not_established	2026-09-05	https://id.ndl.go.jp/auth/ndlna/?qw=%E5%90%89%E7%94%B0%E6%81%B5%E7%90%86%E4%BD%B3&g=personalNames&num=100	0	"""吉田恵理佳"" (訃報 OR 死去 OR 逝去 OR 生没年)"		—
yoshida-iwao	吉田 巌	active		1963	death_supported	2026-09-05	https://id.ndl.go.jp/auth/ndlna/?qw=%E5%90%89%E7%94%B0%E5%B7%8C&g=personalNames&num=100	5	"""吉田巌"" (訃報 OR 死去 OR 逝去 OR 生没年)"	https://id.ndl.go.jp/auth/ndlna/00096802	—
yoshida-katsumi	吉田 和美	active			death_not_established	2026-09-05	https://id.ndl.go.jp/auth/ndlna/?qw=%E5%90%89%E7%94%B0%E5%92%8C%E7%BE%8E&g=personalNames&num=100	3	"""吉田和美"" (訃報 OR 死去 OR 逝去 OR 生没年)"		—
yoshihara-katsumi	吉原 克己	active			death_not_established	2026-09-05	https://id.ndl.go.jp/auth/ndlna/?qw=%E5%90%89%E5%8E%9F%E5%85%8B%E5%B7%B1&g=personalNames&num=100	0	"""吉原克己"" (訃報 OR 死去 OR 逝去 OR 生没年)"		—
yoshikawa-yoshimi	吉川 佳見	active			death_not_established	2026-09-05	https://id.ndl.go.jp/auth/ndlna/?qw=%E5%90%89%E5%B7%9D%E4%BD%B3%E8%A6%8B&g=personalNames&num=100	0	"""吉川佳見"" (訃報 OR 死去 OR 逝去 OR 生没年)"		—
yoshimoto-yuko	吉本 裕子	active			death_not_established	2026-09-05	https://id.ndl.go.jp/auth/ndlna/?qw=%E5%90%89%E6%9C%AC%E8%A3%95%E5%AD%90&g=personalNames&num=100	2	"""吉本裕子"" (訃報 OR 死去 OR 逝去 OR 生没年)"		—
yoshimura-akio	吉村 明夫	active			death_not_established	2026-09-05	https://id.ndl.go.jp/auth/ndlna/?qw=%E5%90%89%E6%9D%91%E6%98%8E%E5%A4%AB&g=personalNames&num=100	1	"""吉村明夫"" (訃報 OR 死去 OR 逝去 OR 生没年)"		—
yoshimura-fuyuko	吉村 冬子	active	2022	2022	existing_death_matches_wikidata	2026-09-05	https://id.ndl.go.jp/auth/ndlna/?qw=%E5%90%89%E6%9D%91%E5%86%AC%E5%AD%90&g=personalNames&num=100	0		https://www.wikidata.org/wiki/Q133209563	—
yoshinari-naoki	吉成 直樹	active			death_not_established	2026-09-05	https://id.ndl.go.jp/auth/ndlna/?qw=%E5%90%89%E6%88%90%E7%9B%B4%E6%A8%B9&g=personalNames&num=100	1	"""吉成直樹"" (訃報 OR 死去 OR 逝去 OR 生没年)"		—
yuasa-tadashi	湯淺 正	active			death_not_established	2026-09-05	https://id.ndl.go.jp/auth/ndlna/?qw=%E6%B9%AF%E6%B7%BA%E6%AD%A3&g=personalNames&num=100	9	"""湯淺正"" (訃報 OR 死去 OR 逝去 OR 生没年)"		—
yukio-dodo	Yukio Dodo	active			death_not_established	2026-09-05	https://id.ndl.go.jp/auth/ndlna/?qw=Yukio%20Dodo&g=personalNames&num=100	4	"""Yukio Dodo"" (obituary OR died OR ""passed away"")"		—
yuko-kameda	Yuko Kameda	active			death_not_established	2026-09-05	https://id.ndl.go.jp/auth/ndlna/?qw=Yuko%20Kameda&g=personalNames&num=100	0	"""Yuko Kameda"" (obituary OR died OR ""passed away"")"		—
yumiko-ohara	Yumiko Ohara	active			death_not_established	2026-09-05	https://id.ndl.go.jp/auth/ndlna/?qw=Yumiko%20Ohara&g=personalNames&num=100	1	"""Yumiko Ohara"" (obituary OR died OR ""passed away"")"		—
